,ID,class,formula,interface_atom,spacegroup,alphax_el,alphaz_el,ehull,a,dipole,density,dos_at_ef_nosoc,energy,hform,workfunction,efermi,evac,MagpieData mean Polarizability,MagpieData mean FirstIonizationEnergy,MagpieData mean CovalentRadius,MagpieData mean NValence,PymatgenData mean X,DemlData mean molar_vol,MagpieData mean Polarizability_A,MagpieData mean FirstIonizationEnergy_A,MagpieData mean Density_A,MagpieData mean MendeleevNumber_A,MagpieData mean CovalentRadius_A,MagpieData mean NsValence_A,MagpieData mean NValence_A,MagpieData mean NsUnfilled_A,PymatgenData mean X_A,PymatgenData mean atomic_radius_A,DemlData mean molar_vol_A,MagpieData mean Polarizability_interface,MagpieData mean NValence_interface
0,c67530987b37b5c77ea3c611ef5bcde9,TMDC-H,Hf1 Te2,Te1,187,8.700635010990423,0.4561639015562263,0.1333685658145675,3.909330474795616,-1.6985595068689522e-08,2.911021908889796,0.0,-16.00845184303981,-0.6975771310263781,5.331002070505048,-1.1352397496809503,4.195762320824097,9.066666666666666,8.281423333333334,150.33333333333334,16.666666666666668,1.8333333333333333,18.12,16.2,6.82507,13310.0,45.0,175.0,2.0,18.0,0.0,1.3,1.55,13.44,5.5,16.0
1,37d4f1e181a82336d67c2f8297a02b8f,TMDC-H,Fe1 Te2,Te1,187,11.42479936371817,0.5445239511441108,0.1675310720382299,3.5693842665987487,-6.3039404028566606e-09,2.5844102433866505,2.332957029391114,-15.528496984544422,-0.0257283151884948,4.288145874488231,0.0029046537358325,4.291050528224064,6.466666666666666,8.640533333333334,136.0,13.333333333333334,2.01,16.003333333333334,8.4,7.9024,7874.0,55.0,132.0,2.0,8.0,0.0,1.83,1.4,7.09,5.5,16.0
2,14da5ffffda361e37e2c4e3e74d9e09d,TMDC-H,Hg1 S2,S1,187,1.7958315711508324,0.2959891750996302,0.5744308782251769,4.311826780522356,-6.470037659400502e-10,1.577810798685784,0.2141117383780678,-7.711776146633571,0.4432535594540979,5.152501639965863,-2.697868261742338,2.454633378223524,3.72,10.38584,114.0,12.666666666666666,2.3866666666666667,15.05,5.36,10.4375,13534.0,71.0,132.0,2.0,26.0,0.0,2.0,1.5,14.09,2.9,6.0
3,566b17c34bcecdb705568bc731f2c967,TMDC-H,Te2 Mo1,Te1,187,9.468330635573816,0.4670058453172152,0.0,3.547392311830623,-3.2666151554846214e-14,2.874943335292905,0.0,-18.51337752553299,-0.3005233594690064,4.347418773378745,0.4068955604060499,4.754314333784795,7.933333333333334,8.370543333333334,143.33333333333334,12.666666666666666,2.12,16.76666666666667,12.8,7.09243,10280.0,50.0,154.0,1.0,6.0,1.0,2.16,1.45,9.38,5.5,16.0
4,67caea1963435ec5d0111261a9c023d8,TMDC-H,Nb1 Se2,Se1,187,5.152197810972264,0.4089944302188174,0.0009499913724487,3.4715297364547646,1.0361948157553622e-12,2.1741270509579054,2.69436751647069,-19.92425222704854,-0.8774122038581496,5.539298911009153,-1.228845122010548,4.310453788998605,7.746666666666666,8.754543333333332,134.66666666666666,12.333333333333334,2.233333333333333,14.556666666666668,15.7,6.75885,8570.0,47.0,164.0,1.0,5.0,1.0,1.6,1.45,10.83,3.77,16.0
5,546a5fd0345b27f2d78abe216bf60137,TMDC-H,Pd1 S2,S1,187,66.25193255661301,19.321126878020024,0.3498306639374663,3.914868737516866,3.082023296846945e-09,1.2488927116138449,0.2716534485414173,-11.816148291878752,0.0533385957168614,4.1619227105579775,-1.4273273904010628,2.7345953201569144,3.533333333333333,9.68564,116.33333333333331,7.333333333333333,2.4533333333333336,13.206666666666663,4.8,8.3369,12023.0,62.0,139.0,0.0,10.0,0.0,2.2,1.4,8.56,2.9,6.0
6,848409905463ee59034b4f473acca24c,TMDC-H,Rh1 Se2,Se1,187,42.4418177248432,0.7978541027335105,0.2830362675465121,3.558219943249534,3.746682902353642e-09,2.205256676307756,1.478313601398162,-14.57750782324424,-0.1548692708472341,4.69005920785014,-0.8736944793558783,3.816364728494261,5.38,8.987893333333334,127.33333333333331,13.666666666666666,2.4599999999999995,13.706666666666669,8.6,7.4589,12450.0,59.0,142.0,1.0,9.0,1.0,2.28,1.35,8.28,3.77,16.0
7,cc279f083f6a950bf879feb5b97f1ff8,TMDC-H,Ru1 Se2,Se1,187,37.81987967144006,0.430517565825912,0.310039431775858,3.4705190563428205,-8.245157876719464e-10,2.289790866116451,3.4200322254389897,-16.755788373727228,-0.1089904629468444,4.398395013804562,-0.3107074671563939,4.087687546648168,5.713333333333334,8.955093333333332,128.66666666666666,13.333333333333334,2.433333333333333,13.670000000000002,9.6,7.3605,12370.0,56.0,146.0,1.0,8.0,1.0,2.2,1.3,8.17,3.77,16.0
8,c02836e6f01cef6bafadbb1c80ad11e0,TMDC-H,Sn1 S2,S1,187,3.5612016959013326,0.3941461171293249,0.2864884934524353,3.610253644640313,1.2983267219756138e-14,1.475593015155504,0.0,-12.557525316341144,-0.1150411326754212,6.007216434534996,-2.2230164164105624,3.7842000181244337,4.286666666666666,9.354646666666667,116.33333333333331,8.666666666666666,2.373333333333333,15.783333333333331,7.06,7.34392,7310.0,80.0,139.0,2.0,14.0,0.0,1.96,1.45,16.29,2.9,6.0
9,4d35210e4d5dd94d06a6264ba8a8c4c9,TMDC-H,Ta1 S2,S1,187,3.6126817366057744,0.3639941507775808,0.0,3.340923605062307,-8.383032899735959e-11,2.3219549532413124,2.218543163856916,-21.23504371051308,-1.0874749610755654,5.929444478242765,-1.6301922469111367,4.299252231331628,6.3,9.423196666666668,126.66666666666669,10.333333333333334,2.22,13.97,13.1,7.54957,16650.0,48.0,170.0,2.0,19.0,0.0,1.5,1.45,10.85,2.9,6.0
10,95ba7a2dbc9696f447b77631375ae56e,TMDC-H,V1 Se2,Se1,187,9.4209194249722,0.4021265285038645,0.0,3.3434430430519333,4.224355944838314e-10,1.9687249645682297,0.0,-17.6144491276158,-0.7082671161326175,5.448592002820883,-1.3133138996025833,4.135278103218299,6.646666666666667,8.750323333333334,131.0,12.333333333333334,2.243333333333333,13.72,12.4,6.74619,6110.0,46.0,153.0,2.0,5.0,0.0,1.63,1.35,8.32,3.77,16.0
11,d9dcfc64d4831010e5c751c2bf01fbdf,TMDC-H,Te2 Ir1,Te1,187,23.804716710009924,0.5417441470026779,0.3040977911311508,3.794983621590224,3.5802252779419295e-13,3.2939699857511964,1.1845511734971768,-15.773836656226685,-0.029495855991394,4.177358967500114,0.039042366423638,4.216401333923752,6.2,8.995406666666668,139.0,18.33333333333333,2.1333333333333333,16.48,7.6,8.96702,22560.0,60.0,141.0,2.0,23.0,0.0,2.2,1.35,8.52,5.5,16.0
12,964eff42ed61cfbd235319fcde4d7140,TMDC-H,Mn1 Se2,Se1,187,43.53226428686315,0.4200839681905821,0.1433163975843984,3.2539550114425677,3.462889245725005e-09,2.1434491676931886,2.535686761143924,-17.660178026859448,-0.3259454555426266,4.877100930256187,-0.6750249703457815,4.202075959910406,5.646666666666667,8.9796,126.33333333333331,13.0,2.2166666666666663,13.396666666666668,9.4,7.43402,7470.0,52.0,139.0,2.0,7.0,0.0,1.55,1.4,7.35,3.77,16.0
13,a5792de313fb28035b5c110c94c5a659,TMDC-H,Te2 Os1,Te1,187,27.04872719986632,0.4535596681031614,0.3134332673939894,3.740599399755858,-6.119672819536524e-14,3.356660258229005,2.592096313157479,-16.873230207077384,0.2423967312664802,3.990825168886091,0.3737218279106534,4.3645469967967445,6.5,8.819143333333335,140.0,18.0,2.1333333333333333,16.44666666666667,8.5,8.43823,22590.0,57.0,144.0,2.0,22.0,0.0,2.2,1.3,8.42,5.5,16.0
14,a0f5762fee8f9eb30db4401eb4bc357b,TMDC-H,Re1 Te2,Te1,187,65.80402139065352,0.4435673546427251,0.2727914468524244,3.700532366885005,1.3167836711465248e-08,3.3797807491648086,2.022069285261293,-17.525461195061464,0.1806021591658471,3.8700242003615033,0.581435899952308,4.451460100313812,6.9,8.617573333333334,142.33333333333334,17.666666666666668,2.033333333333333,16.593333333333334,9.7,7.83352,21020.0,54.0,151.0,2.0,21.0,0.0,1.9,1.35,8.86,5.5,16.0
15,e2523c6795462e34b9f1c170e948c5af,TMDC-H,Zr1 Se2,Se1,187,4.843985396250304,0.4081253227951509,0.14404070352737,3.7017251979532215,-5.3798802606036594e-14,1.897513127680857,0.0,-18.038214523460404,-1.2232091273761745,5.915598107868574,-1.893009020222524,4.0225890876460495,8.479999999999999,8.712893333333334,138.33333333333334,12.0,2.143333333333333,15.62,17.9,6.6339,6511.0,44.0,175.0,2.0,4.0,0.0,1.33,1.55,14.02,3.77,16.0
16,711e931198a74825d5852daa0c7ca129,TMDC-H,Ir1 S2,S1,187,15.3232686096699,1.8539980171830317,0.5583331243991422,3.398806477809007,8.046789774079161e-14,2.39183321663909,4.471067134903208,-17.126369079867676,0.1018315984786599,4.81765078243658,-0.7869783529173495,4.030672429519231,4.466666666666666,9.89568,117.0,11.666666666666666,2.4533333333333336,13.193333333333332,7.6,8.96702,22560.0,60.0,141.0,2.0,23.0,0.0,2.2,1.35,8.52,2.9,6.0
17,55bd76286b28574b80335163cd70327c,TMDC-H,Ni1 Te2,Te1,187,13.80578131640903,0.5432672842463199,0.1642543209470701,3.714655261582483,5.958538458224612e-10,2.427103197046752,1.395982639802056,-13.885624694067369,-0.0762589136393637,3.970119673140385,-0.1570905701318497,3.8130291030085353,5.933333333333334,8.553,133.33333333333334,14.0,2.036666666666666,15.836666666666668,6.8,7.6398,8908.0,61.0,124.0,2.0,10.0,0.0,1.91,1.35,6.59,5.5,16.0
18,efee196bd4684f32370c0bbe535cb57f,TMDC-H,Pt1 Se2,Se1,187,13.40056180327829,2.15221050025633,0.4515136006212632,3.646472069242891,-2.1068260026594947e-09,2.8333420925947204,2.080651921426115,-13.205062835740078,0.0382134223824663,4.721885722910318,-0.9276178384807864,3.794267884429531,4.68,9.48786,125.33333333333331,18.666666666666668,2.4599999999999995,13.976666666666668,6.5,8.9588,21090.0,63.0,136.0,1.0,24.0,1.0,2.28,1.35,9.09,3.77,16.0
19,7af7056b0a7e58848b3fc287b56fe8c2,TMDC-H,Sc1 S2,S1,187,2.0494310797010797,0.3392338630235552,0.3947997662519076,3.787811531031907,-5.3779310808546383e-14,0.8228199637753011,0.0,-16.518109451217796,-1.2340720248222243,5.660697225918783,-2.563223208309518,3.0974740176092648,7.866666666666667,9.093836666666666,126.66666666666669,5.0,2.1733333333333333,15.353333333333332,17.8,6.56149,2985.0,11.0,170.0,2.0,3.0,0.0,1.36,1.6,15.0,2.9,6.0
20,3d740b2d1476ede431f1438c0a5b5ed4,TMDC-H,W1 S2,S1,187,5.577107632296424,0.3732812212639025,0.0,3.185945949661419,-7.390904355928587e-11,2.581484906231025,0.0,-22.261998009484405,-0.8735485740690395,4.779683250760069,-0.1349472564389958,4.644735994321073,5.633333333333333,9.528016666666668,124.0,10.666666666666666,2.5066666666666664,13.51,11.1,7.86403,19250.0,51.0,162.0,2.0,20.0,0.0,2.36,1.35,9.47,2.9,6.0
21,fc600b77d1aa526a5879644076882cda,TMDC-H,Co1 S2,S1,187,22.22371439352709,0.4784401725844197,0.2366023605927421,3.226310995228775,-3.1364826754047256e-14,1.292590148991163,1.5032793676995069,-16.837775889729933,-0.1509632487031874,5.14866323080999,-1.3476330841974289,3.801030146612561,4.433333333333334,9.533676666666668,112.0,7.0,2.3466666666666667,12.576666666666666,7.5,7.88101,8900.0,58.0,126.0,2.0,9.0,0.0,1.88,1.35,6.67,2.9,6.0
22,6172f1c6a1642740c28608972ad7e40c,TMDC-H,Cr1 Te2,Te1,187,13.545574018791056,0.8760686794239005,0.1082144486294681,3.470167876040398,-3.375663682842966e-14,2.656568869606911,0.0,-16.13552849577259,-0.1057762213374123,4.572541965281203,-0.0258155028571807,4.546726462424022,7.533333333333334,8.261903333333334,138.33333333333334,12.666666666666666,1.9533333333333331,16.05,11.6,6.76651,7140.0,49.0,139.0,1.0,6.0,1.0,1.66,1.4,7.23,5.5,16.0
23,7944604501f90c5ddf77aed5fd611a0e,TMDC-H,Ge1 S2,S1,187,21.368188023537886,0.3904058111973038,0.4868879429799815,3.3804245272770226,-1.6005834734612984e-14,1.2695473053801678,1.2521045065801335,-12.250371208404596,0.1405382150634526,5.966616200662946,-2.106837130831799,3.859779069831148,3.88,9.539816666666669,110.0,8.666666666666666,2.39,14.896666666666668,5.84,7.89943,5323.0,79.0,120.0,2.0,14.0,0.0,2.01,1.25,13.63,2.9,6.0
24,b94c04852d2b057a5163df600046c414,TMDC-H,Pd1 Se2,Se1,187,40.088844541745374,1.294617704388715,0.2676379311012168,4.001093005693194,-6.188221975526365e-13,1.819711931807038,0.2146040578032199,-10.854837045365905,-0.0230666492455953,3.698481153902167,-0.8096672673308551,2.8888138865713118,4.113333333333333,9.28056,126.33333333333331,14.0,2.433333333333333,13.800000000000002,4.8,8.3369,12023.0,62.0,139.0,0.0,10.0,0.0,2.2,1.4,8.56,3.77,16.0
25,4006406766d318f5ee1c1252d796f64a,TMDC-H,Te2 Rh1,Te1,187,28.193608165218517,0.544467613165085,0.2151584622103897,3.78778889558852,-4.674245221881417e-14,2.6478962076513106,1.174897943897762,-14.262082701899503,-0.2350568322826328,4.396955050412016,-0.3559689673899023,4.040986083022114,6.533333333333334,8.492700000000001,139.33333333333334,13.666666666666666,2.16,16.400000000000002,8.6,7.4589,12450.0,59.0,142.0,1.0,9.0,1.0,2.28,1.35,8.28,5.5,16.0
26,36eaea3e7f60a8ab7b00677cd45fc6d4,TMDC-H,Sn1 Se2,Se1,187,4.924288686559035,0.4330951313165816,0.2651282591282152,3.7891006136476895,3.0103169317660046e-14,2.001573540982612,0.0,-11.268739489135156,-0.0822881840734985,5.6206324327390345,-1.8431912700770872,3.777441162661948,4.866666666666666,8.949566666666668,126.33333333333331,15.333333333333334,2.353333333333333,16.37666666666667,7.06,7.34392,7310.0,80.0,139.0,2.0,14.0,0.0,1.96,1.45,16.29,3.77,16.0
27,2e5739ed0bfd4a30182d834d5e0f609e,TMDC-H,Cu1 Te2,Te1,187,10.040299362854745,0.451160113976182,0.1952435121283784,3.91584603461284,-7.891998644364588e-16,2.230407201041797,2.608896155970735,-9.677947576053969,0.13594469196241,4.036500111215376,-0.5739452953942389,3.462554815821137,5.716666666666666,8.58186,136.0,14.333333333333334,2.033333333333333,16.01,6.15,7.72638,8920.0,64.0,132.0,1.0,11.0,1.0,1.9,1.35,7.11,5.5,16.0
28,eb6e5b4873db474cdf73ce0a4cc03c9c,TMDC-H,Hf1 S2,S1,187,3.155187176311958,0.3593453544954036,0.2170574673631027,3.5430538233306743,-1.326134977821527e-12,2.0430949946853563,0.0,-19.788167783112925,-1.375310848700365,6.356730687777906,-2.3437746567010938,4.012956031076813,7.333333333333333,9.181696666666667,128.33333333333334,10.0,2.1533333333333333,14.833333333333334,16.2,6.82507,13310.0,45.0,175.0,2.0,18.0,0.0,1.3,1.55,13.44,2.9,6.0
29,2c7e087b845002d5076fad54cb687301,TMDC-H,Mo1 S2,S1,187,6.192093166810009,0.3739023163571379,0.0,3.1840664646845926,1.103390711410956e-11,1.6700732803302054,0.0,-22.12110486843581,-0.920927544752896,5.09264388401284,-0.5619081841937554,4.530735699819084,6.2,9.270816666666668,121.33333333333331,6.0,2.44,13.48,12.8,7.09243,10280.0,50.0,154.0,1.0,6.0,1.0,2.16,1.45,9.38,2.9,6.0
30,20ee60c6a9ad67ae5721a20cdc2ef024,TMDC-H,Pb1 S2,S1,187,2.025653141851439,0.2752572591918618,0.1913148603216968,4.727143169804308,1.6698428935396098e-15,1.357528754239555,0.0,-12.476906590528722,-0.1873851825861674,4.192622568227289,-1.8699621480319957,2.322660420195294,4.265,9.378883333333334,118.66666666666669,13.333333333333334,2.4966666666666666,16.44,6.995,7.41663,11340.0,81.0,146.0,2.0,28.0,0.0,2.33,1.8,18.26,2.9,6.0
31,807d2424ef592a1f56801912cf35c732,TMDC-H,Re1 S2,S1,187,34.014814399969765,0.3557715720843695,0.3159723768263021,3.306706256558245,-2.0284720052570348e-08,2.452814135967373,2.541641504604083,-20.64472072796507,-0.2769794227849698,4.083653368534293,0.196191295447516,4.279844663981809,5.166666666666667,9.517846666666667,120.33333333333331,11.0,2.353333333333333,13.306666666666668,9.7,7.83352,21020.0,54.0,151.0,2.0,21.0,0.0,1.9,1.35,8.86,2.9,6.0
32,236fe8aa9c4282b5104d92ff401bb78e,TMDC-H,Ta1 Se2,Se1,187,4.479112669752107,0.4032017698194487,0.0,3.4714223030432936,8.30913767278628e-10,2.9373441373935294,2.6130084937285454,-19.294312250463733,-0.8374068015258563,5.387858133103824,-1.0245883270521343,4.363269806051689,6.88,9.018116666666666,136.66666666666666,17.0,2.2,14.563333333333334,13.1,7.54957,16650.0,48.0,170.0,2.0,19.0,0.0,1.5,1.45,10.85,3.77,16.0
33,175d141e3563bc3824b160bb31b53ed7,TMDC-H,Ti1 S2,S1,187,5.098616873293955,0.3663892714042456,0.1446403222973746,3.3448481802734773,-3.490503266958577e-10,1.0652855647920836,0.0,-18.339142142683517,-1.1644198134541348,6.404186664305225,-2.506079725666692,3.898106938638533,6.8,9.182713333333334,123.33333333333331,5.333333333333333,2.2333333333333334,13.9,14.6,6.82812,4507.0,43.0,160.0,2.0,4.0,0.0,1.54,1.4,10.64,2.9,6.0
34,f81331d3d95f93d909edf93dabdb52ac,TMDC-H,Zr1 Te2,Te1,187,9.953761994901122,0.466813809709679,0.1100664996295334,3.922522166534176,-1.4182363891221724e-14,2.3069600903807506,0.0,-16.17232615747774,-0.7865756072655975,5.38672603030734,-1.2316315686323565,4.155094461674984,9.633333333333333,8.2177,150.33333333333334,12.0,1.8433333333333333,18.313333333333333,17.9,6.6339,6511.0,44.0,175.0,2.0,4.0,0.0,1.33,1.55,14.02,5.5,16.0
35,cfa5b953066ce3cfb9f5675c1d164d72,TMDC-H,Au1 S2,S1,187,40.28682216488691,4.49179078629037,0.6653576658789401,3.59349016423634,-1.884034959088672e-14,2.163214262159464,3.995169234298984,-9.472189736084562,0.6046410317009799,5.637158432385179,-2.125478891650636,3.511679540734543,3.8666666666666663,9.98185,115.33333333333331,12.333333333333334,2.566666666666667,13.756666666666666,5.8,9.22553,19300.0,66.0,136.0,1.0,25.0,1.0,2.54,1.35,10.21,2.9,6.0
36,7aec08938d5f53c7eeede95540326d85,TMDC-H,Fe1 S2,S1,187,9.163428799537542,0.5193789747301605,0.2672661636552338,3.154284910685056,-4.5474226169503575e-08,1.30674999157883,1.4597871287576845,-17.98714375487761,-0.2631056429491731,5.134842760513715,-1.143249960553066,3.9915927999606495,4.733333333333333,9.540806666666668,114.0,6.666666666666667,2.33,12.716666666666669,8.4,7.9024,7874.0,55.0,132.0,2.0,8.0,0.0,1.83,1.4,7.09,2.9,6.0
37,8244afa903c5fea98b67ef454c271905,TMDC-H,Ge1 Se2,Se1,187,8.725612568969764,0.4381892496911269,0.4199835348206294,3.5238869450635657,2.997314429614869e-14,1.9388483086304669,1.7655709124166823,-11.018310831646918,0.1543826801826048,5.59475173588476,-1.656348204711891,3.938403531172869,4.46,9.134736666666669,120.0,15.333333333333334,2.37,15.490000000000002,5.84,7.89943,5323.0,79.0,120.0,2.0,14.0,0.0,2.01,1.25,13.63,3.77,16.0
38,520f3c087f6d386c3b4ead8994bae023,TMDC-H,Hg1 Se2,Se1,187,2.325681034407031,0.3344208144505495,0.4780119068083394,4.452458839504652,8.728454991391235e-10,1.9738067179492509,0.2205222618449157,-6.907971505804088,0.3143461125971847,4.738350888718702,-2.222557800165559,2.515793088553143,4.3,9.98076,124.0,19.33333333333333,2.3666666666666667,15.643333333333336,5.36,10.4375,13534.0,71.0,132.0,2.0,26.0,0.0,2.0,1.5,14.09,3.77,16.0
39,4ac01a8cfda656ff467c3ea4d3c10fdb,TMDC-H,Mn1 Te2,Te1,187,9.204521421494553,0.4848245934365656,0.0955861282488233,3.6600649905406897,-3.354871077065004e-08,2.435674572226111,2.17268542186836,-16.43882603238403,-0.104157392601131,4.424130011313829,-0.3299648297122462,4.094165181601583,6.8,8.484406666666667,138.33333333333334,13.0,1.9166666666666667,16.09,9.4,7.43402,7470.0,52.0,139.0,2.0,7.0,0.0,1.55,1.4,7.35,5.5,16.0
40,85729d36579a34acc2addfa95631c3bd,TMDC-H,Nb1 Te2,Te1,187,7.712217495265945,0.4695548423666558,0.0179281149406461,3.682066436616773,2.3516779814905574e-13,2.635850919199114,2.9389146335959646,-18.062822740348523,-0.4422649768417876,5.037583136896734,-0.5353928081017147,4.5021903287950185,8.9,8.25935,146.66666666666666,12.333333333333334,1.9333333333333336,17.25,15.7,6.75885,8570.0,47.0,164.0,1.0,5.0,1.0,1.6,1.45,10.83,5.5,16.0
41,82e1fe1fcea45cbc1af55a7b1933192a,TMDC-H,V1 Te2,Te1,187,15.102706174908835,0.4582584718353907,0.0156275680244546,3.5983597145838613,-1.2603060651590992e-09,2.450191158173212,0.0,-15.85377771783303,-0.3067059147553384,4.9892154531885975,-0.6806556950513847,4.308559758137212,7.8,8.255130000000001,143.0,12.333333333333334,1.9433333333333331,16.413333333333334,12.4,6.74619,6110.0,46.0,153.0,2.0,5.0,0.0,1.63,1.35,8.32,5.5,16.0
42,195c20a442d12f16fca7ed65d56593ea,TMDC-H,Te2 Ru1,Te1,187,29.27071884192763,0.4680299315008855,0.3041677580449295,3.693633673221727,1.8529354926411475e-10,2.7467765540630102,4.268684285763964,-15.968625427569084,-0.0319320827777739,4.252030882441862,0.0596402598018556,4.311671142243718,6.866666666666667,8.4599,140.66666666666666,13.333333333333334,2.1333333333333333,16.363333333333333,9.6,7.3605,12370.0,56.0,146.0,1.0,8.0,1.0,2.2,1.3,8.17,5.5,16.0
43,80936158348b87a1f7933ee569fc259a,TMDC-H,Sc1 Se2,Se1,187,2.6143788049726533,0.3756054032359206,0.0465151445834011,3.945378833612474,3.807060134707402e-10,1.393570160457677,0.0,-15.004505969972694,-1.1263798582072642,5.328957707345971,-2.130782585015048,3.198175122330923,8.446666666666667,8.688756666666666,136.66666666666666,11.666666666666666,2.1533333333333333,15.946666666666667,17.8,6.56149,2985.0,11.0,170.0,2.0,3.0,0.0,1.36,1.6,15.0,3.77,16.0
44,de1168ed01bcb4a2878f5859c2298695,TMDC-H,Sn1 Te2,Te1,187,13.546488873079037,0.5403568507966278,0.3030901737916697,3.793075191996063,-1.6571833127514983e-14,2.565414703262365,2.265245287015719,-10.11320647704568,0.1175602180726826,5.04408110066599,-0.8666763608484076,4.177404739817582,6.02,8.454373333333335,138.33333333333334,15.333333333333334,2.053333333333333,19.07,7.06,7.34392,7310.0,80.0,139.0,2.0,14.0,0.0,1.96,1.45,16.29,5.5,16.0
45,123e8666c6dfc2f5fca898fa889f082c,TMDC-H,Au1 Se2,Se1,187,20.01666163862115,0.5884405399581131,0.4384343090880582,3.632440923900083,1.6146908433548302e-14,2.8536474243347194,2.1312465472021773,-9.011750583460504,0.3612784221089254,5.2383566898723055,-1.4179049181114909,3.820451771760815,4.446666666666666,9.57677,125.33333333333331,19.0,2.5466666666666664,14.35,5.8,9.22553,19300.0,66.0,136.0,1.0,25.0,1.0,2.54,1.35,10.21,3.77,16.0
46,2222036be7f04c507ff49ea1015eee11,TMDC-H,Cr1 S2,S1,187,8.561855322327691,0.905865386109784,0.0,3.047563542176879,-1.0461743755072542e-14,1.3357420992555271,0.0,-19.58252659832295,-0.6726039931704809,5.411454515223933,-1.113706828260475,4.297747686963458,5.8,9.162176666666667,116.33333333333331,6.0,2.273333333333333,12.763333333333334,11.6,6.76651,7140.0,49.0,139.0,1.0,6.0,1.0,1.66,1.4,7.23,2.9,6.0
47,3a2eeaafebc0152c91cd4f26c3825dd2,TMDC-H,Hg1 Te2,Te1,187,14.124084172114388,0.5499531060823653,0.4919329382013719,3.721736068165464,8.765625490068623e-07,3.2276022264127158,2.7858106727100296,-6.224771110712833,0.3567503090772922,5.067961276677656,-0.8403685840573403,4.227592692620316,5.453333333333333,9.485566666666667,136.0,19.33333333333333,2.066666666666667,18.33666666666667,5.36,10.4375,13534.0,71.0,132.0,2.0,26.0,0.0,2.0,1.5,14.09,5.5,16.0
48,83d98df923f69def3dccc53e57826ad8,TMDC-H,Te2 Pt1,Te1,187,11.7639456438163,0.7181314843957567,0.3263028380723511,3.899032946063616,3.0651268504206006e-09,3.131256265142086,3.0454153340788785,-13.043740668823066,-0.0933417905288405,4.087617710323683,-0.1462883619979882,3.941329348325695,5.833333333333333,8.992666666666667,137.33333333333334,18.666666666666668,2.16,16.67,6.5,8.9588,21090.0,63.0,136.0,1.0,24.0,1.0,2.28,1.35,9.09,5.5,16.0
49,23a6ab26358d0c75add756bc3d3f20ff,TMDC-H,Rh1 S2,S1,187,24.47037992361415,0.9510203804256944,0.3918126145878868,3.4137890453649598,5.56282665429507e-10,1.54960275969607,2.441087288616926,-15.462788492638577,-0.0531205001786059,5.111307138661407,-1.3678146319440112,3.743492506717396,4.8,9.392973333333334,117.33333333333331,7.0,2.48,13.113333333333332,8.6,7.4589,12450.0,59.0,142.0,1.0,9.0,1.0,2.28,1.35,8.28,2.9,6.0
50,155335aaec450a27cfa7d5e9c1497b9e,TMDC-H,Co1 Se2,Se1,187,23.001370220843885,0.5153243841808763,0.1678150900309844,3.3723874823766606,-4.4829963341690605e-14,2.0583850882461974,1.4242229933442152,-15.630306487261452,-0.1453157750137682,4.664951386346455,-0.7452897863151755,3.91966160003128,5.013333333333333,9.128596666666668,122.0,13.666666666666666,2.3266666666666667,13.170000000000002,7.5,7.88101,8900.0,58.0,126.0,2.0,9.0,0.0,1.88,1.35,6.67,3.77,16.0
51,a54e72157e4b6e7bd952c5e97dd92550,TMDC-H,Fe1 Se2,Se1,187,10.180394974894648,0.5189924828261201,0.1516385318254206,3.293997362731534,6.836710414717653e-10,2.1115543195580004,2.08057888021447,-16.632493650462994,-0.208397935277708,4.785053080428492,-0.6357507967166262,4.149302283711866,5.3133333333333335,9.135726666666669,124.0,13.333333333333334,2.31,13.310000000000002,8.4,7.9024,7874.0,55.0,132.0,2.0,8.0,0.0,1.83,1.4,7.09,3.77,16.0
52,7d467e294d0c5db8c7d3b322d28f6deb,TMDC-H,Ni1 S2,S1,187,41.65194816058605,1.2227838209164672,0.245593942392014,3.5418389134187698,2.1157796529199982e-09,1.095470465402351,0.6315265109334139,-15.568466748420864,-0.0550346694068117,3.7941071312542887,-0.8469471818431737,2.9471599494111147,4.2,9.453273333333334,111.33333333333331,7.333333333333333,2.356666666666667,12.55,6.8,7.6398,8908.0,61.0,124.0,2.0,10.0,0.0,1.91,1.35,6.59,2.9,6.0
53,b915e768edbea2693bf06a10749bedcb,TMDC-H,Os1 S2,S1,187,14.260387938318129,0.3779426644329109,0.4528124337507245,3.364648872135438,-7.794818194604608e-09,2.421172880695152,2.13827341283761,-19.129995160902716,0.0723133423417555,4.371757098250363,-0.2221332369200298,4.149623861330333,4.766666666666667,9.719416666666667,118.0,11.333333333333334,2.4533333333333336,13.159999999999998,8.5,8.43823,22590.0,57.0,144.0,2.0,22.0,0.0,2.2,1.3,8.42,2.9,6.0
54,c57efbf86e51f4a40bc410156bd5651a,TMDC-H,Pb1 Se2,Se1,187,2.478037955295087,0.3092648958220942,0.1797082408019219,4.877487004907106,2.274112849482877e-14,1.6887435993031703,0.0,-11.35004353667801,-0.2086064917693371,4.116844399147803,-1.7405249504474782,2.376319448700325,4.845,8.973803333333334,128.66666666666666,20.0,2.4766666666666666,17.033333333333335,6.995,7.41663,11340.0,81.0,146.0,2.0,28.0,0.0,2.33,1.8,18.26,3.77,16.0
55,c2289d591dbfabdf44ca8778ea323aef,TMDC-H,W1 Se2,Se1,187,6.590044311772052,0.4115628614796603,0.0,3.3190066244679373,7.961463648174029e-11,3.240298467021709,0.0,-20.23394890963929,-0.5943745345874092,4.323240362311849,0.366035504291786,4.689275866603635,6.213333333333334,9.122936666666666,134.0,17.333333333333332,2.4866666666666664,14.103333333333332,11.1,7.86403,19250.0,51.0,162.0,2.0,20.0,0.0,2.36,1.35,9.47,3.77,16.0
56,f1f4a6f141409df65210f534d1ad2d4c,TMDC-H,Te2 Pd1,Te1,187,20.729551970905483,0.5054682613209159,0.2271723628012694,4.0368004670501465,7.831643919359569e-12,2.385785132475639,1.4529463174301107,-10.595532406642864,-0.1219610382215599,3.853214630520744,-0.3655904853515356,3.487624145169209,5.266666666666667,8.785366666666667,138.33333333333334,14.0,2.1333333333333333,16.493333333333336,4.8,8.3369,12023.0,62.0,139.0,0.0,10.0,0.0,2.2,1.4,8.56,5.5,16.0
57,6e6978f71f90c44f3d5e56ad9f6870f8,TMDC-H,Ta1 Te2,Te1,187,6.288821077534331,0.4622759788957227,0.0436929009562114,3.698531407008334,3.3191843931150496e-11,3.277133682644083,3.885451239191508,-17.2519964996713,-0.3419641531453561,4.912067621056498,-0.4063215043571632,4.505746116699335,8.033333333333333,8.522923333333333,148.66666666666666,17.0,1.9,17.256666666666668,13.1,7.54957,16650.0,48.0,170.0,2.0,19.0,0.0,1.5,1.45,10.85,5.5,16.0
58,9ba7ba7844678de0875d4f7f8e2a65f3,TMDC-H,Zr1 S2,S1,187,3.52662197670296,0.3706959482958897,0.1898058842895633,3.57141330342367,-8.098324337756431e-15,1.2874188110303828,0.0,-19.746170899355786,-1.3956855922078937,6.374960314289655,-2.424141345824272,3.950818968465383,7.899999999999999,9.117973333333332,128.33333333333334,5.333333333333333,2.1633333333333336,15.026666666666666,17.9,6.6339,6511.0,44.0,175.0,2.0,4.0,0.0,1.33,1.55,14.02,2.9,6.0
59,2e13d1ad7e24f348d3bdf53a0951d559,TMDC-H,Cu1 S2,S1,187,5.719635556164372,0.3096701353208532,0.3014325331041672,3.7390133436440967,4.6438045459699214e-14,1.0209004694192847,0.9314659172119288,-11.352373126794362,0.1599744373993292,4.387340349694549,-1.7153255252455144,2.6720148244490343,3.983333333333333,9.482133333333334,114.0,7.666666666666667,2.353333333333333,12.723333333333334,6.15,7.72638,8920.0,64.0,132.0,1.0,11.0,1.0,1.9,1.35,7.11,2.9,6.0
60,ec4d2298f7ec51ed01779f3857d08009,TMDC-H,Ir1 Se2,Se1,187,20.33256122716086,0.9532517992452568,0.4200608266043227,3.558464009037558,6.224941500520696e-09,2.9546661697169654,2.297422831139284,-16.096722112430804,0.0482049271575431,4.398054004704544,-0.3592671948732435,4.038786809831301,5.046666666666667,9.4906,127.0,18.33333333333333,2.433333333333333,13.786666666666669,7.6,8.96702,22560.0,60.0,141.0,2.0,23.0,0.0,2.2,1.35,8.52,3.77,16.0
61,71b901fbd5d39c505bd009f2326ad43d,TMDC-H,Nb1 S2,S1,187,4.264983013946023,0.3700777467829961,0.0,3.344446227896275,1.0112835548080311e-08,1.4852711156235414,2.608209268559131,-21.73643621413805,-1.0846312057545795,6.081518745065466,-1.847484055399915,4.234034689665551,7.166666666666667,9.159623333333334,124.66666666666669,5.666666666666667,2.2533333333333334,13.963333333333331,15.7,6.75885,8570.0,47.0,164.0,1.0,5.0,1.0,1.6,1.45,10.83,2.9,6.0
62,604201a2dd0d56c1bf53a32db47745a4,TMDC-H,Re1 Se2,Se1,187,43.65097200996629,0.3918397481437935,0.3080405014997396,3.456300024549175,-4.35537404484618e-09,3.052424238769922,2.520028853024501,-18.907027393955204,-0.0945906385817553,3.799761328586944,0.5011173101404944,4.300878638727438,5.746666666666666,9.112766666666667,130.33333333333334,17.666666666666668,2.333333333333333,13.9,9.7,7.83352,21020.0,54.0,151.0,2.0,21.0,0.0,1.9,1.35,8.86,3.77,16.0
63,512cf1dcb40d846d61afb3d89ec700c1,TMDC-H,Ti1 Se2,Se1,187,7.311015189716854,0.4035750199911839,0.117200156533433,3.4952858915483525,-3.2528469118901974e-14,1.7707464891971043,0.0,-16.670125347093062,-1.0049232087240585,5.872051445473053,-1.89181520798284,3.980236237490213,7.38,8.777633333333334,133.33333333333334,12.0,2.2133333333333334,14.493333333333334,14.6,6.82812,4507.0,43.0,160.0,2.0,4.0,0.0,1.54,1.4,10.64,3.77,16.0
64,9bdb2514c6b1e2cd673c02cde847c9b7,TMDC-H,Ge1 Te2,Te1,187,13.314987030914256,0.5277713111386932,0.2606463839064978,3.606409273763087,-5.056218414870012e-14,2.5202396547123405,1.917264200334672,-10.33037169322008,0.1983664577745732,4.853125590474619,-0.5632500486353443,4.289875541839274,5.613333333333333,8.639543333333334,132.0,15.333333333333334,2.07,18.183333333333334,5.84,7.89943,5323.0,79.0,120.0,2.0,14.0,0.0,2.01,1.25,13.63,5.5,16.0
65,537d021fd411a268ebed1b17c9376f56,TMDC-H,Hf1 Se2,Se1,187,4.380249740776928,0.3975545718600775,0.1735727062561025,3.676827795429272,-2.1490182364008678e-09,2.5984350197079817,0.0,-17.99813939565576,-1.175477046681383,5.8999716549002965,-1.8193238259325168,4.08064782896778,7.913333333333333,8.776616666666667,138.33333333333334,16.666666666666668,2.1333333333333333,15.426666666666668,16.2,6.82507,13310.0,45.0,175.0,2.0,18.0,0.0,1.3,1.55,13.44,3.77,16.0
66,923e19b2b1cc1f69eff3513f5e286768,TMDC-H,Mo1 Se2,Se1,187,7.27956216571022,0.4116217953104684,0.0,3.3197487878576672,-5.958587685442014e-14,2.408512668018981,0.0,-20.291055724621312,-0.7077534906148024,4.611520557600973,-0.0271899134123547,4.5843306441886185,6.78,8.865736666666667,131.33333333333334,12.666666666666666,2.42,14.073333333333336,12.8,7.09243,10280.0,50.0,154.0,1.0,6.0,1.0,2.16,1.45,9.38,3.77,16.0
67,750792b7947104f57fad6c71e129fa13,TMDC-H,Ru1 S2,S1,187,13.33974341477581,0.3962100017121198,0.4345461367045817,3.331724299467937,1.2261408553119063e-10,1.6025476390841362,2.6439279970599547,-18.02165178644755,-0.134102606720211,4.761615934738884,-0.7477964575457344,4.013819477193149,5.133333333333333,9.360173333333334,118.66666666666669,6.666666666666667,2.4533333333333336,13.076666666666666,9.6,7.3605,12370.0,56.0,146.0,1.0,8.0,1.0,2.2,1.3,8.17,2.9,6.0
68,91cb2a4a21eda07d96e77675cf4f7142,TMDC-H,Sc1 Te2,Te1,187,23.70536447897734,0.4920034405297954,0.2850661279554169,3.742110073999023,5.335416515272072e-14,2.161955805384014,2.9711726961597686,-13.298331432477678,-0.7429842809259029,5.3318962803208025,-1.197568794469193,4.1343274858516095,9.6,8.193563333333334,148.66666666666666,11.666666666666666,1.8533333333333333,18.64,17.8,6.56149,2985.0,11.0,170.0,2.0,3.0,0.0,1.36,1.6,15.0,5.5,16.0
69,d176dd53b92cf6cc6f84a8dd15ac35e4,TMDC-H,Ti1 Te2,Te1,187,15.918453290117048,0.4617955562050533,0.1089021664111117,3.736779843452808,-6.114764298607582e-13,2.2414080371037377,0.0,-14.871776011028858,-0.5908026985863012,5.250302723997873,-1.1000289905339256,4.150273733463948,8.533333333333333,8.282440000000001,145.33333333333334,12.0,1.913333333333333,17.186666666666667,14.6,6.82812,4507.0,43.0,160.0,2.0,4.0,0.0,1.54,1.4,10.64,5.5,16.0
70,81544038a0b675f49b28dd0044533816,TMDC-H,V1 S2,S1,187,7.39496058577293,0.3653330159265887,0.0,3.1862010185660887,1.892604320566932e-08,1.208820658523936,0.5255424032192934,-19.31768825891117,-0.879171166097669,5.948175475551098,-1.8916464787055205,4.056528996845578,6.066666666666666,9.155403333333334,121.0,5.666666666666667,2.263333333333333,13.126666666666663,12.4,6.74619,6110.0,46.0,153.0,2.0,5.0,0.0,1.63,1.35,8.32,2.9,6.0
71,f59ba01fbb09d4f94cb874b0b0057e3e,TMDC-H,Cu1 Se2,Se1,187,18.54764199421244,0.3582899351187353,0.2223773846313796,3.8441183738344455,-8.526897929457708e-15,1.6473485399640315,2.9535655019473364,-10.275024158980695,0.122248432870478,3.8858989506197448,-1.0572828811917556,2.8286160694279894,4.5633333333333335,9.077053333333334,124.0,14.333333333333334,2.333333333333333,13.316666666666668,6.15,7.72638,8920.0,64.0,132.0,1.0,11.0,1.0,1.9,1.35,7.11,3.77,16.0
72,412d30cd82ff4765645712ef603f0545,TMDC-H,Ni1 Se2,Se1,187,12.05816923770613,0.5791852409245138,0.1798080079370733,3.50663013154786,2.2599043573046872e-08,1.9117529968921776,3.705280825158157,-14.447697410628209,-0.0782872172759994,4.409891124536125,-0.8941324131421376,3.515758711393988,4.78,9.048193333333334,121.33333333333331,14.0,2.3366666666666664,13.143333333333336,6.8,7.6398,8908.0,61.0,124.0,2.0,10.0,0.0,1.91,1.35,6.59,3.77,16.0
73,3c85cc5ec3d54dc95c059efab0cce9aa,TMDC-H,Os1 Se2,Se1,187,33.0104066846453,0.4164225401601836,0.3220641997090384,3.513458537964034,-8.19377038666564e-08,3.007531775733299,2.578140413347546,-17.71021982373982,0.1487294609293125,4.0371078889544165,0.1399838658112884,4.177091754765705,5.346666666666667,9.314336666666668,128.0,18.0,2.433333333333333,13.753333333333336,8.5,8.43823,22590.0,57.0,144.0,2.0,22.0,0.0,2.2,1.3,8.42,3.77,16.0
74,feee2d79419fed165540dd1f8a3e67bb,TMDC-H,Pt1 S2,S1,187,17.945284084484374,1.3974033501636898,0.5931075500213048,3.490705311310608,-5.435040769952288e-09,2.2938835728159934,2.247295825035992,-13.914335035927094,0.1986316827868677,5.196040466748584,-1.4433368694838518,3.752703597264732,4.1000000000000005,9.89294,115.33333333333331,12.0,2.48,13.383333333333333,6.5,8.9588,21090.0,63.0,136.0,1.0,24.0,1.0,2.28,1.35,9.09,2.9,6.0
75,ad52587b9d266e2e4d21d5e458866b92,TMDC-H,Te2 Au1,Te1,187,17.88737609354269,0.5280022805809896,0.3105562595322156,3.852414655183639,-2.614467817161556e-10,3.1608516710403007,1.7807620110580915,-8.918814739880334,0.2069277680853378,4.6274866811983895,-0.6372669862496901,3.9902196949487,5.6000000000000005,9.081576666666669,137.33333333333334,19.0,2.2466666666666666,17.043333333333333,5.8,9.22553,19300.0,66.0,136.0,1.0,25.0,1.0,2.54,1.35,10.21,5.5,16.0
76,72d2311286e578128ceb7320f691c56d,TMDC-H,Co1 Te2,Te1,187,18.9721356852315,0.5116194411854754,0.1598065817196534,3.6126950916599943,1.8129412938501098e-15,2.564411545291597,1.2285250171712043,-14.826138733054435,-0.062589125495073,4.291787053755283,-0.1253846501258523,4.166402403629431,6.166666666666667,8.633403333333334,134.0,13.666666666666666,2.026666666666667,15.863333333333337,7.5,7.88101,8900.0,58.0,126.0,2.0,9.0,0.0,1.88,1.35,6.67,5.5,16.0
77,24e58017f943143a45824576c833075d,TMDC-H,Cr1 Se2,Se1,187,10.308959783810236,0.8814068465535241,0.0,3.2101661708703797,-1.2587294417871956e-14,2.1522449176412075,0.0,-17.831885712091196,-0.4858993582266369,4.903672367054148,-0.540932873321042,4.362739493733106,6.38,8.757096666666667,126.33333333333331,12.666666666666666,2.2533333333333334,13.35666666666667,11.6,6.76651,7140.0,49.0,139.0,1.0,6.0,1.0,1.66,1.4,7.23,3.77,16.0
78,ec797b2dd6108ac36f4769bc56c38684,TMDC-H,Mn1 S2,S1,187,27.85371228218185,0.3821096571561123,0.1153695608597781,3.0911955234125985,-1.582231945032306e-09,1.34330078781556,3.7564926018539593,-19.227205246356345,-0.4514455349081849,5.248894910847925,-1.1229772435291363,4.125917667318789,5.066666666666666,9.38468,116.33333333333331,6.333333333333333,2.236666666666667,12.803333333333333,9.4,7.43402,7470.0,52.0,139.0,2.0,7.0,0.0,1.55,1.4,7.35,2.9,6.0
79,8e981d489c3898a53a87720d2f3e5216,TMDC-H,Te2 Pb1,Te1,187,14.569030203599263,0.6275292051702472,0.4080224295855567,3.5749633712087974,1.7605465790387806e-05,3.4136107418276422,1.965120716803593,-9.786364434333086,0.12729060712866,4.884231157527327,-0.111851553145106,4.772379604382221,5.998333333333334,8.478610000000002,140.66666666666666,20.0,2.1766666666666667,19.72666666666667,6.995,7.41663,11340.0,81.0,146.0,2.0,28.0,0.0,2.33,1.8,18.26,5.5,16.0
80,725ce21736684c08019ef46793c5284a,TMDC-H,Te2 W1,Te1,187,8.859341230766004,0.4669109779607955,0.026295396081462,3.55007622207136,-2.003519737796457e-09,3.586542647675108,0.0,-18.223252816143983,-0.1094717719726171,4.149995964878744,0.6829023514712022,4.8328983163499455,7.366666666666667,8.627743333333333,146.0,17.333333333333332,2.186666666666667,16.796666666666667,11.1,7.86403,19250.0,51.0,162.0,2.0,20.0,0.0,2.36,1.35,9.47,5.5,16.0
81,7e421571701d2c835cd97f6b94ceea51,TMDC-T,Cr1 Se2,Se1,164,47.432782942587046,0.919250473368006,0.1397455238364576,3.2226625648737603,3.205545510867579e-14,2.1346228567460765,0.6269107271298723,-17.412649140581824,-0.3461538343901793,4.68915394439847,-0.3599393808799489,4.329214563518521,6.38,8.757096666666667,126.33333333333331,12.666666666666666,2.2533333333333334,13.35666666666667,11.6,6.76651,7140.0,49.0,139.0,1.0,6.0,1.0,1.66,1.4,7.23,3.77,16.0
82,34f5cf72cac25a6514a7545fd23ad3aa,TMDC-T,Cu1 Se2,Se1,164,56.54693782905498,0.4242455497719968,0.2668576740944927,3.3898579515657823,6.8258944380914e-14,2.0458395333856334,2.823075499840621,-10.141583290591356,0.1667287223335911,5.4124693110088336,-1.5889973099309016,3.823472001077932,4.5633333333333335,9.077053333333334,124.0,14.333333333333334,2.333333333333333,13.316666666666668,6.15,7.72638,8920.0,64.0,132.0,1.0,11.0,1.0,1.9,1.35,7.11,3.77,16.0
83,fa356f1af2be60ae102ba586c6711b8d,TMDC-T,Te2 Ir1,Te1,164,25.139444864510587,0.5504721882756325,0.1372214339414381,3.881027313452087,3.087762685512737e-11,3.188083625943148,2.715704893232473,-16.27446572779582,-0.1963722131811067,4.91802868581431,-0.7954604972664638,4.122568188547846,6.2,8.995406666666668,139.0,18.33333333333333,2.1333333333333333,16.48,7.6,8.96702,22560.0,60.0,141.0,2.0,23.0,0.0,2.2,1.35,8.52,5.5,16.0
84,a35e830e0ea638c3809ca5f168d6f59d,TMDC-T,Mn1 S2,S1,164,16.80556204062673,0.3497356389366631,0.0,3.349992622047122,3.251867670780467e-09,1.144490538662158,0.0,-19.57331392893568,-0.5668150957679631,5.738757958046044,-2.150699925000618,3.5880580330454257,5.066666666666666,9.38468,116.33333333333331,6.333333333333333,2.236666666666667,12.803333333333333,9.4,7.43402,7470.0,52.0,139.0,2.0,7.0,0.0,1.55,1.4,7.35,2.9,6.0
85,9f53eb5caf23fb63cbddd989f7c7b24a,TMDC-T,Te2 Mo1,Te1,164,101.28535585457702,0.4827452318156982,0.1709020489615345,3.493388423566229,4.9162665134948695e-14,2.945717072346011,0.8251089094812826,-18.000671378648388,-0.1296213105074718,4.222397336266301,0.6533673847534924,4.875764721019793,7.933333333333334,8.370543333333334,143.33333333333334,12.666666666666666,2.12,16.76666666666667,12.8,7.09243,10280.0,50.0,154.0,1.0,6.0,1.0,2.16,1.45,9.38,5.5,16.0
86,aec7d15ee6c014118b2de6b837686fec,TMDC-T,Nb1 Se2,Se1,164,26.587230440613045,0.4065111635997233,0.0329339706618311,3.481358080237393,-2.3969323552057034e-09,2.160572412058792,2.4829292531833964,-19.828300289180397,-0.8454282245687672,4.895349631152854,-0.6303664064917868,4.264983224661068,7.746666666666666,8.754543333333332,134.66666666666666,12.333333333333334,2.233333333333333,14.556666666666668,15.7,6.75885,8570.0,47.0,164.0,1.0,5.0,1.0,1.6,1.45,10.83,3.77,16.0
87,e481ba9ac3447524d956b00b39654fa6,TMDC-T,Pd1 S2,S1,164,7.543545956031743,0.3567779507875268,0.1009048092639493,3.5533946966061247,2.6238488467425346e-10,1.4807778620429772,0.0,-12.562925855899303,-0.1955872589566555,5.713698565461796,-2.2249667535968403,3.488731811864956,3.533333333333333,9.68564,116.33333333333331,7.333333333333333,2.4533333333333336,13.206666666666663,4.8,8.3369,12023.0,62.0,139.0,0.0,10.0,0.0,2.2,1.4,8.56,2.9,6.0
88,8b315e83fe9757d64d64f6ef4cedbb53,TMDC-T,Rh1 Se2,Se1,164,31.2675505005128,0.6130280841636989,0.1171471067523874,3.59558900823906,2.523260774960041e-12,2.174137539936736,4.163383847368897,-15.075175305626614,-0.3207584316413587,5.475963832320213,-1.6864316697896509,3.789532162530562,5.38,8.987893333333334,127.33333333333331,13.666666666666666,2.4599999999999995,13.706666666666669,8.6,7.4589,12450.0,59.0,142.0,1.0,9.0,1.0,2.28,1.35,8.28,3.77,16.0
89,9b9cd1443e58ce8ebb99b217a90b9da8,TMDC-T,Sn1 S2,S1,164,3.1679523971916512,0.3665756475205476,0.0,3.695956040697123,-2.0543050517551865e-14,1.4293784181736795,0.0,-13.416990796698451,-0.4015296261278565,5.997258858790689,-2.3851099894686505,3.612148869322039,4.286666666666666,9.354646666666667,116.33333333333331,8.666666666666666,2.373333333333333,15.783333333333331,7.06,7.34392,7310.0,80.0,139.0,2.0,14.0,0.0,1.96,1.45,16.29,2.9,6.0
90,1c7f38c4efd9837cf7ce664c4269595e,TMDC-T,Ta1 S2,S1,164,5.5923814053002365,0.357503690356642,0.0201640156270279,3.3814948538127485,4.6613572566014544e-14,2.275691925486007,1.4487375801700824,-21.174551663631995,-1.0673109454485374,5.064866718884454,-0.8691351780634252,4.195731540821028,6.3,9.423196666666668,126.66666666666669,10.333333333333334,2.22,13.97,13.1,7.54957,16650.0,48.0,170.0,2.0,19.0,0.0,1.5,1.45,10.85,2.9,6.0
91,a61b3e2aa03dd6724c1c3e3702502fc0,TMDC-T,Ni1 Te2,Te1,164,27.287731718898726,0.4485346670125592,0.0669882626850834,3.783418494395596,-1.1907270337459624e-08,2.3749422776114497,1.8335225360584189,-14.177422868853329,-0.1735249719013503,4.444991304978964,-0.6199715469846739,3.82501975799429,5.933333333333334,8.553,133.33333333333334,14.0,2.036666666666666,15.836666666666668,6.8,7.6398,8908.0,61.0,124.0,2.0,10.0,0.0,1.91,1.35,6.59,5.5,16.0
92,730700528ea6a02685b04739a7594941,TMDC-T,Re1 Te2,Te1,164,27.25127545354285,0.4960823092833126,0.400217978962028,3.3946583467574607,-1.2114507718089116e-14,3.905393261918924,2.1703914091056618,-17.143181598732653,0.3080286912754507,4.007678535286971,1.135895171028769,5.14357370631574,6.9,8.617573333333334,142.33333333333334,17.666666666666668,2.033333333333333,16.593333333333334,9.7,7.83352,21020.0,54.0,151.0,2.0,21.0,0.0,1.9,1.35,8.86,5.5,16.0
93,2b100deb35928e8872687617875b116b,TMDC-T,Zr1 Se2,Se1,164,6.558340890361878,0.3845394780347303,0.0,3.7948378824135367,4.7609182357336724e-14,1.8276564235440995,0.0,-18.470336634042518,-1.3672498309035443,5.397500062748167,-1.5781591732406943,3.819340889507472,8.479999999999999,8.712893333333334,138.33333333333334,12.0,2.143333333333333,15.62,17.9,6.6339,6511.0,44.0,175.0,2.0,4.0,0.0,1.33,1.55,14.02,3.77,16.0
94,400403cae96cc4524f2dfa1c69f3244b,TMDC-T,Cr1 Te2,Te1,164,16.580733987262775,0.8195026597038643,0.0239212068215953,3.688880304286048,3.417092955744595e-09,2.3497676558394494,1.7096650089224297,-16.388408221196208,-0.190069463145285,5.167145921349487,-1.0872075963174908,4.079938325031996,7.533333333333334,8.261903333333334,138.33333333333334,12.666666666666666,1.9533333333333331,16.05,11.6,6.76651,7140.0,49.0,139.0,1.0,6.0,1.0,1.66,1.4,7.23,5.5,16.0
95,a406b79ff01fc5a4ab9bb6798bd52f2f,TMDC-T,Hg1 S2,S1,164,33.5771800229991,0.4401693403115455,0.6729004840528979,3.872898606668923,-3.0960439090471433e-10,1.8880257268652807,1.548276961789246,-7.416367329150407,0.541723165281819,6.1106388363968085,-3.009006509942757,3.1016323264540517,3.72,10.38584,114.0,12.666666666666666,2.3866666666666667,15.05,5.36,10.4375,13534.0,71.0,132.0,2.0,26.0,0.0,2.0,1.5,14.09,2.9,6.0
96,cafd1436a9f6bf6934213c025558d0fd,TMDC-T,Ru1 Se2,Se1,164,26.214180487622748,0.4312612262397142,0.3086405411816433,3.476084526101798,-7.195346338728865e-09,2.3110371530435554,1.9093342652582117,-16.759985045509872,-0.1103893535410591,5.122386716641421,-0.9655838114152004,4.156802905226221,5.713333333333334,8.955093333333332,128.66666666666666,13.333333333333334,2.433333333333333,13.670000000000002,9.6,7.3605,12370.0,56.0,146.0,1.0,8.0,1.0,2.2,1.3,8.17,3.77,16.0
97,12d7a09620707295bf2261c499c4f04c,TMDC-T,W1 S2,S1,164,32.218887716918815,0.3799291380149541,0.2956097867188632,3.2098763610009344,-2.4115161618541613e-14,2.5416492192785607,0.7755584688298047,-21.37516864932781,-0.5779387873501763,4.927037796160875,-0.3318190011399977,4.595218795020878,5.633333333333333,9.528016666666668,124.0,10.666666666666666,2.5066666666666664,13.51,11.1,7.86403,19250.0,51.0,162.0,2.0,20.0,0.0,2.36,1.35,9.47,2.9,6.0
98,ce0d091febc4973ba987a73dd260000e,TMDC-T,Cu1 Te2,Te1,164,79.35349832770228,0.4987643908104927,0.2130966346849738,3.499376486289482,-1.8880652576757674e-14,2.6661933513351523,2.1949978435208197,-9.62438820838418,0.1537978145190054,4.9313139965707045,-0.6267865527371816,4.304527443833523,5.716666666666666,8.58186,136.0,14.333333333333334,2.033333333333333,16.01,6.15,7.72638,8920.0,64.0,132.0,1.0,11.0,1.0,1.9,1.35,7.11,5.5,16.0
99,e74daf60d9bd145fa8ec83f9636ad318,TMDC-T,Ge1 S2,S1,164,3.9662280447401703,0.3611728491918781,0.1226502716794524,3.443558533918335,1.9809012717395892e-14,1.2430255667516918,0.0,-13.343084222306183,-0.2236994562370764,6.068050001679763,-2.350098929373733,3.71795107230603,3.88,9.539816666666669,110.0,8.666666666666666,2.39,14.896666666666668,5.84,7.89943,5323.0,79.0,120.0,2.0,14.0,0.0,2.01,1.25,13.63,2.9,6.0
100,77de9f408a8b20c8c92e993a6086404d,TMDC-T,Te2 Os1,Te1,164,21.26445855234832,0.4578484599957347,0.318999194210761,3.8599759605025694,3.5418386398743313e-13,3.189327840953037,3.41596623772472,-16.85653242662707,0.2479626580832518,4.604058900569278,-0.4519948421711945,4.152064058398084,6.5,8.819143333333335,140.0,18.0,2.1333333333333333,16.44666666666667,8.5,8.43823,22590.0,57.0,144.0,2.0,22.0,0.0,2.2,1.3,8.42,5.5,16.0
101,3937b14c92d3bac44922692e25128ba0,TMDC-T,Sn1 Se2,Se1,164,4.615334773911817,0.4056888208074126,0.0,3.864841015994623,-3.909546980438453e-14,1.9529849640026664,0.0,-12.064124266519803,-0.3474164432017138,5.622377359201354,-1.991329733719874,3.63104762548148,4.866666666666666,8.949566666666668,126.33333333333331,15.333333333333334,2.353333333333333,16.37666666666667,7.06,7.34392,7310.0,80.0,139.0,2.0,14.0,0.0,1.96,1.45,16.29,3.77,16.0
102,f237f2fa87c4b20474d5a421cd95b020,TMDC-T,V1 Se2,Se1,164,25.334139911771803,0.398660679002012,0.0160649635932408,3.3473423182362643,-4.94915583047753e-10,1.9666624892649864,1.7208136899421418,-17.566254236836077,-0.6922021525393767,5.013071153105551,-0.9223689305507352,4.090702222554816,6.646666666666667,8.750323333333334,131.0,12.333333333333334,2.243333333333333,13.72,12.4,6.74619,6110.0,46.0,153.0,2.0,5.0,0.0,1.63,1.35,8.32,3.77,16.0
103,936e0f99488bd8b4f9b0995c96c50df7,TMDC-T,Hg1 Se2,Se1,164,85.28223403643445,0.4762452420029103,0.5270430685478145,3.86662875308102,5.743137661834983e-10,2.532587869807782,4.425283848018648,-6.760878020585663,0.3633772743366599,5.826892874692184,-2.339890017399177,3.487002857293007,4.3,9.98076,124.0,19.33333333333333,2.3666666666666667,15.643333333333336,5.36,10.4375,13534.0,71.0,132.0,2.0,26.0,0.0,2.0,1.5,14.09,3.77,16.0
104,dd72772307a9e2b5eb59add2231c67f7,TMDC-T,Mn1 Se2,Se1,164,20.291247553551354,0.3935646564764684,0.0,3.494192075706706,3.6111936074679166e-09,1.8612238457751171,1.135591991516005,-18.090127219612643,-0.4692618531270251,5.088461902065354,-1.367430741652851,3.7210311604125024,5.646666666666667,8.9796,126.33333333333331,13.0,2.2166666666666663,13.396666666666668,9.4,7.43402,7470.0,52.0,139.0,2.0,7.0,0.0,1.55,1.4,7.35,3.77,16.0
105,ee619fc435015a0c7ed298af6faa90ea,TMDC-T,Mo1 S2,S1,164,75.91132251783806,0.3910669290744525,0.2769312458986602,3.188080277936215,3.7772311090106135e-10,1.6630119571659865,0.8600908421953837,-21.290311130739838,-0.6439962988542357,5.106470530383256,-0.5750562148114267,4.53141431557183,6.2,9.270816666666668,121.33333333333331,6.0,2.44,13.48,12.8,7.09243,10280.0,50.0,154.0,1.0,6.0,1.0,2.16,1.45,9.38,2.9,6.0
106,77ab5e6b0050fca23b22775047a6c7b5,TMDC-T,Nb1 Te2,Te1,164,105.07412587576384,0.4731743720598433,0.0280629256165288,3.6526132210410114,-2.1355137580711254e-10,2.6740206851046526,2.843345397230154,-18.032418308320874,-0.4321301661659049,4.642056762372711,-0.0967283421822372,4.545328420190474,8.9,8.25935,146.66666666666666,12.333333333333334,1.9333333333333336,17.25,15.7,6.75885,8570.0,47.0,164.0,1.0,5.0,1.0,1.6,1.45,10.83,5.5,16.0
107,d05eeb41897d3f35239c982a18c21725,TMDC-T,Pt1 Se2,Se1,164,7.067946025638867,0.3847451669148007,0.0,3.7482602007018313,-3.2179286886352177e-10,2.735001295594041,0.0,-14.559603637603868,-0.4133001782387969,5.013313672842856,-1.339008105224324,3.674305567618532,4.68,9.48786,125.33333333333331,18.666666666666668,2.4599999999999995,13.976666666666668,6.5,8.9588,21090.0,63.0,136.0,1.0,24.0,1.0,2.28,1.35,9.09,3.77,16.0
108,f2e37803d4ab9adb8c7a29baf84fff70,TMDC-T,Zr1 Te2,Te1,164,25.259560588499337,0.4504360192076563,0.0121353529330848,3.96809501763226,6.535785156624976e-14,2.268636508201403,1.0873333195215125,-16.466119597567086,-0.884506753962046,4.890580730560733,-0.8636778426851297,4.026902887875603,9.633333333333333,8.2177,150.33333333333334,12.0,1.8433333333333333,18.313333333333333,17.9,6.6339,6511.0,44.0,175.0,2.0,4.0,0.0,1.33,1.55,14.02,5.5,16.0
109,2d5621cdf5f61d64647f41aa6b5efe90,TMDC-T,Au1 S2,S1,164,81.58437932291454,0.6501848052517916,0.399701429054633,3.655559205667946,-3.994698648426586e-15,2.1239332462433977,3.537132452624968,-10.269158446557483,0.3389847948766729,5.462583673393375,-1.991323185419504,3.4712604879738715,3.8666666666666663,9.98185,115.33333333333331,12.333333333333334,2.566666666666667,13.756666666666666,5.8,9.22553,19300.0,66.0,136.0,1.0,25.0,1.0,2.54,1.35,10.21,2.9,6.0
110,d030e6a54b61c16896de864bcb566ab9,TMDC-T,Fe1 S2,S1,164,28.14019755368593,0.4404875153795712,0.2045129928029823,3.202729604463436,8.12073626863875e-10,1.2743533930343336,1.7639107506573326,-18.17540326743437,-0.3258588138014247,5.57394058715183,-1.6700042113497402,3.9039363758020897,4.733333333333333,9.540806666666668,114.0,6.666666666666667,2.33,12.716666666666669,8.4,7.9024,7874.0,55.0,132.0,2.0,8.0,0.0,1.83,1.4,7.09,2.9,6.0
111,bdd234dbd889bbc3c117217be93987ce,TMDC-T,Ir1 S2,S1,164,50.028333293004906,0.4187864551606123,0.177247795311023,3.558196041113287,-7.173466921126787e-10,2.2284815536728693,3.1154507295379443,-18.269625067132036,-0.2792537306094592,5.835394518109329,-2.11870159294773,3.716692925161598,4.466666666666666,9.89568,117.0,11.666666666666666,2.4533333333333336,13.193333333333332,7.6,8.96702,22560.0,60.0,141.0,2.0,23.0,0.0,2.2,1.35,8.52,2.9,6.0
112,95aede789c29d1c860ba649aba5b03f5,TMDC-T,Sc1 S2,S1,164,14.716662013634243,0.3664205423873415,0.3773803993685281,3.743844099386503,-1.383173949436186e-10,0.8410339896309144,2.9596486314483634,-16.570367551867935,-1.251491391705604,6.705232561285294,-3.565453409588638,3.1397791516966564,7.866666666666667,9.093836666666666,126.66666666666669,5.0,2.1733333333333333,15.353333333333332,17.8,6.56149,2985.0,11.0,170.0,2.0,3.0,0.0,1.36,1.6,15.0,2.9,6.0
113,bff8b2f0a15bb75fbf417120ac63fb5e,TMDC-T,V1 Te2,Te1,164,33.1351952917933,0.4553034810962955,0.0181918683182836,3.599851175175814,4.949722018547035e-09,2.4494734234971296,1.4804846007813883,-15.846084816951542,-0.3041416144615094,4.575137947957785,-0.2990233695469511,4.276114578410834,7.8,8.255130000000001,143.0,12.333333333333334,1.9433333333333331,16.413333333333334,12.4,6.74619,6110.0,46.0,153.0,2.0,5.0,0.0,1.63,1.35,8.32,5.5,16.0
114,9319b33f975aae24cb6ad914805bd1d0,TMDC-T,Co1 S2,S1,164,28.607837161960173,0.4248897387851666,0.1100732643244128,3.218976390461932,1.015687672159712e-12,1.2993891141949216,3.814093270750041,-17.21736317853492,-0.2774923449715167,5.924860616722405,-2.07653245574406,3.8483281609783457,4.433333333333334,9.533676666666668,112.0,7.0,2.3466666666666667,12.576666666666666,7.5,7.88101,8900.0,58.0,126.0,2.0,9.0,0.0,1.88,1.35,6.67,2.9,6.0
115,cd25860cb5f5fd9660eb74a12aae40ca,TMDC-T,Pd1 Se2,Se1,164,10.799209702920122,0.387385911737054,0.0259466971464839,3.734857560923645,2.167762296212163e-09,2.062343128854045,0.0,-11.579910747230102,-0.2647578832003283,5.158773111856402,-1.635456147489,3.5233169643674027,4.113333333333333,9.28056,126.33333333333331,14.0,2.433333333333333,13.800000000000002,4.8,8.3369,12023.0,62.0,139.0,0.0,10.0,0.0,2.2,1.4,8.56,3.77,16.0
116,10afbce62d682a233a5d3c40731a08c1,TMDC-T,Re1 S2,S1,164,77.18558888290863,0.3958617717418164,0.3720560676604426,3.0941979837659312,-4.5517710146512885e-10,2.7440692279533385,2.1292760507692137,-20.476469655462648,-0.2208957319508293,5.011776156223504,-0.1994780631270206,4.812298093096483,5.166666666666667,9.517846666666667,120.33333333333331,11.0,2.353333333333333,13.306666666666668,9.7,7.83352,21020.0,54.0,151.0,2.0,21.0,0.0,1.9,1.35,8.86,2.9,6.0
117,a886e9202084b56d6ae915846f7bcf1f,TMDC-T,Te2 Rh1,Te1,164,21.86567867615027,0.4799833888551004,0.111154550685218,3.7992539030097214,-5.621029511907254e-10,2.6508965059029417,1.9467051078900868,-14.574094436475018,-0.3390607438078046,5.008234193838701,-0.9106379668917534,4.097596226946948,6.533333333333334,8.492700000000001,139.33333333333334,13.666666666666666,2.16,16.400000000000002,8.6,7.4589,12450.0,59.0,142.0,1.0,9.0,1.0,2.28,1.35,8.28,5.5,16.0
118,e104a85217d9ed5808c9538968c52041,TMDC-T,Te2 Ru1,Te1,164,56.80264722862339,0.7834626309963616,0.3293124727305709,3.767373447129207,-3.2703252645125885e-10,2.652701250209557,3.9420531880903695,-15.89319128351216,-0.0067873680921325,4.753300353229561,-0.5827759302312661,4.170524422998295,6.866666666666667,8.4599,140.66666666666666,13.333333333333334,2.1333333333333333,16.363333333333333,9.6,7.3605,12370.0,56.0,146.0,1.0,8.0,1.0,2.2,1.3,8.17,5.5,16.0
119,bda5214b98d053a96ed9e844bf80552c,TMDC-T,Sc1 Se2,Se1,164,8.179864819064557,0.3829110220007167,0.0,3.867273918802376,8.217135042106924e-10,1.4430843842031105,2.509690569850527,-15.144051403722898,-1.1728950027906653,6.214432237328342,-2.926203384375115,3.288228852953228,8.446666666666667,8.688756666666666,136.66666666666666,11.666666666666666,2.1533333333333333,15.946666666666667,17.8,6.56149,2985.0,11.0,170.0,2.0,3.0,0.0,1.36,1.6,15.0,3.77,16.0
120,5c94dacff4bca30f12323c0507b3451f,TMDC-T,Ti1 S2,S1,164,9.953866539666024,0.3468173963246654,0.0,3.414379821522676,-6.457091390332625e-14,1.032108853334389,0.1546931132120741,-18.77306310957564,-1.3090601357515097,5.8010133556060826,-2.088193013870872,3.712820341735211,6.8,9.182713333333334,123.33333333333331,5.333333333333333,2.2333333333333334,13.9,14.6,6.82812,4507.0,43.0,160.0,2.0,4.0,0.0,1.54,1.4,10.64,2.9,6.0
121,1bdf37954e4ea3d65c32f95ee7422418,TMDC-T,Cr1 S2,S1,164,37.67613029444789,0.9576089449674716,0.1753013425862733,3.065181826133156,5.875631443727428e-14,1.3196083195051584,0.5323339501587657,-19.05662257056413,-0.4973026505842076,5.165117154343825,-0.9158180900516256,4.2492990642922,5.8,9.162176666666667,116.33333333333331,6.0,2.273333333333333,12.763333333333334,11.6,6.76651,7140.0,49.0,139.0,1.0,6.0,1.0,1.66,1.4,7.23,2.9,6.0
122,fd2af602956e1d08d4ab015e561afe63,TMDC-T,Hf1 S2,S1,164,3.604342473688997,0.3353802615128241,0.0,3.6521816311185886,-9.418815562316588e-14,1.9493614437049624,0.0,-20.439340185202237,-1.5923683160634674,5.788338836514308,-2.027180780119467,3.7611580563948417,7.333333333333333,9.181696666666667,128.33333333333334,10.0,2.1533333333333333,14.833333333333334,16.2,6.82507,13310.0,45.0,175.0,2.0,18.0,0.0,1.3,1.55,13.44,2.9,6.0
123,8f9c24a7f3cb8635b7d0bd69cebae6be,TMDC-T,Mn1 Te2,Te1,164,20.40296643379328,0.4446649046169999,0.0,3.735369400817932,7.502552206382025e-10,2.3436807189828146,1.345578489989162,-16.7255844171305,-0.1997435208499543,4.557716768805644,-0.5933006714348676,3.9644160973707767,6.8,8.484406666666667,138.33333333333334,13.0,1.9166666666666667,16.09,9.4,7.43402,7470.0,52.0,139.0,2.0,7.0,0.0,1.55,1.4,7.35,5.5,16.0
124,e559739f66b2a1339d17a26bbafe5120,TMDC-T,Pb1 S2,S1,164,4.619240386203729,0.3786772649058869,0.3743775157591933,3.847999740554128,-5.851272364542118e-15,1.94290773457352,0.0,-11.927718624216231,-0.0043225271486709,6.3554234715564295,-2.830177932930292,3.525245538626137,4.265,9.378883333333334,118.66666666666669,13.333333333333334,2.4966666666666666,16.44,6.995,7.41663,11340.0,81.0,146.0,2.0,28.0,0.0,2.33,1.8,18.26,2.9,6.0
125,ee6ed7c4434f4389d40317a4ba61aca4,TMDC-T,Te2 Pt1,Te1,164,10.57463339115318,0.4281891075669369,0.0274081975270631,4.015820650234968,3.0110356085188273e-11,3.0128769705829987,0.0,-13.94042459045893,-0.3922364310741286,4.412013127905185,-0.5816063851942618,3.8304067427109234,5.833333333333333,8.992666666666667,137.33333333333334,18.666666666666668,2.16,16.67,6.5,8.9588,21090.0,63.0,136.0,1.0,24.0,1.0,2.28,1.35,9.09,5.5,16.0
126,848dce07a672e47680cc050b510807a5,TMDC-T,Ta1 Se2,Se1,164,16.170297155717034,0.3970765057348447,0.0228628246745461,3.502904118926187,-1.0464613041771715e-15,2.893083262949167,1.790462357865288,-19.22572377644009,-0.8145439768513102,4.649346057709994,-0.3715801792473982,4.277765878462596,6.88,9.018116666666666,136.66666666666666,17.0,2.2,14.563333333333334,13.1,7.54957,16650.0,48.0,170.0,2.0,19.0,0.0,1.5,1.45,10.85,3.77,16.0
127,4bc73782aff57032903bb0966cb083a1,TMDC-T,Ge1 Se2,Se1,164,6.678951257997324,0.4021468863355579,0.1288082544898288,3.621836277561588,5.885957145343005e-14,1.867953996202438,0.501590643296069,-11.89183667263932,-0.1367926001481958,5.605473732091017,-1.8670146544549755,3.738459077636042,4.46,9.134736666666669,120.0,15.333333333333334,2.37,15.490000000000002,5.84,7.89943,5323.0,79.0,120.0,2.0,14.0,0.0,2.01,1.25,13.63,3.77,16.0
128,6adf9aba299beab61de1160aac1a95ed,TMDC-T,Os1 S2,S1,164,31.29852365420432,0.34958397204145,0.3655427711346384,3.5107763626875608,-7.880679376840073e-10,2.267001218674077,4.474322219950921,-19.39180414875097,-0.0149563202743306,5.431126384720906,-1.5827788990349982,3.848347485685908,4.766666666666667,9.719416666666667,118.0,11.333333333333334,2.4533333333333336,13.159999999999998,8.5,8.43823,22590.0,57.0,144.0,2.0,22.0,0.0,2.2,1.3,8.42,2.9,6.0
129,875b72ce59288ae47ec6c4d2bf8daa57,TMDC-T,Te2 Pd1,Te1,164,18.784986192826576,0.4277060349499025,0.086465037565454,4.018622500105809,4.214930991069656e-09,2.4198586681109227,0.0,-11.01765438235031,-0.2626683634573752,4.5061187889031,-0.8259052586355197,3.6802135302675807,5.266666666666667,8.785366666666667,138.33333333333334,14.0,2.1333333333333333,16.493333333333336,4.8,8.3369,12023.0,62.0,139.0,0.0,10.0,0.0,2.2,1.4,8.56,5.5,16.0
130,18ebace312d481e4028ba6ec3faf44c3,TMDC-T,Sn1 Te2,Te1,164,9.576473233516952,0.4682296037301248,0.1142987766109522,4.1222715475837965,5.0812844373640414e-14,2.272712745372696,2.320802450411001,-10.679580668587834,-0.0712311791080348,5.125202004702461,-1.4100475370014705,3.715154467700991,6.02,8.454373333333335,138.33333333333334,15.333333333333334,2.053333333333333,19.07,7.06,7.34392,7310.0,80.0,139.0,2.0,14.0,0.0,1.96,1.45,16.29,5.5,16.0
131,8862ec3949859f221df84bcc71afd3eb,TMDC-T,W1 Se2,Se1,164,51.13150116813974,0.4231022293517704,0.2583163311304399,3.291169050185957,3.8405385976515966e-14,3.2791142450464474,1.3193582740059069,-19.45899991624797,-0.3360582034569693,4.320574488728296,0.4453595074191978,4.765933996147494,6.213333333333334,9.122936666666666,134.0,17.333333333333332,2.4866666666666664,14.103333333333332,11.1,7.86403,19250.0,51.0,162.0,2.0,20.0,0.0,2.36,1.35,9.47,3.77,16.0
132,49fa5d4ce4d72201196ea07d26b34a4e,TMDC-T,Au1 Se2,Se1,164,47.2774429079081,0.463775506210179,0.2583701627359997,3.8064461081045513,2.1183182114289353e-09,2.6343763584021618,4.055849119148063,-9.55194302251668,0.1812142757568668,5.091955525666813,-1.550676047504543,3.54127947816227,4.446666666666666,9.57677,125.33333333333331,19.0,2.5466666666666664,14.35,5.8,9.22553,19300.0,66.0,136.0,1.0,25.0,1.0,2.54,1.35,10.21,3.77,16.0
133,1fa377e34bebbfa3ad33b893f3c3f08c,TMDC-T,Ta1 Te2,Te1,164,49.98645967867742,0.4649870879065648,0.0494058891394003,3.691379272971508,1.281288601560006e-13,3.285944603408856,3.307684376654967,-17.234857535121733,-0.3362511649621673,4.424689220275077,0.0701695694010053,4.4948587896760825,8.033333333333333,8.522923333333333,148.66666666666666,17.0,1.9,17.256666666666668,13.1,7.54957,16650.0,48.0,170.0,2.0,19.0,0.0,1.5,1.45,10.85,5.5,16.0
134,28475531449b20223ef3ae5f23e31959,TMDC-T,Co1 Se2,Se1,164,23.84036433284365,0.4405704277108563,0.0534220665881282,3.367539155327301,7.83634033457548e-15,2.0674847038644035,2.775975873971253,-15.973485557590022,-0.2597087984566245,5.366061528709036,-1.3918394072333384,3.974222121475697,5.013333333333333,9.128596666666668,122.0,13.666666666666666,2.3266666666666667,13.170000000000002,7.5,7.88101,8900.0,58.0,126.0,2.0,9.0,0.0,1.88,1.35,6.67,3.77,16.0
135,9d9bfef9c5a22ebb6131bda032a8c02d,TMDC-T,Cu1 S2,S1,164,50.73861140160703,0.3780188611967158,0.4241400535710127,3.373485346141282,-8.622172818160531e-16,1.2226482624990154,3.4315249087812174,-10.984250565393824,0.2826819578661747,5.859334694218788,-2.420495473514935,3.4388392207038523,3.983333333333333,9.482133333333334,114.0,7.666666666666667,2.353333333333333,12.723333333333334,6.15,7.72638,8920.0,64.0,132.0,1.0,11.0,1.0,1.9,1.35,7.11,2.9,6.0
136,e192c8be2453559c0886e5be6ef5d8b5,TMDC-T,Hg1 Te2,Te1,164,22.68587392550532,0.5426496919972218,0.3835510344406036,3.705173547274252,2.0772030073047875e-08,3.301063044692549,1.605363042128244,-6.549916821995138,0.2483684053165239,4.97524605556698,-0.7134895024787901,4.26175655308819,5.453333333333333,9.485566666666667,136.0,19.33333333333333,2.066666666666667,18.33666666666667,5.36,10.4375,13534.0,71.0,132.0,2.0,26.0,0.0,2.0,1.5,14.09,5.5,16.0
137,b8b43801386e415f33d522cfbf42352e,TMDC-T,Ir1 Se2,Se1,164,54.483615879548914,0.6960091336863238,0.1548531859466185,3.708677321700218,-6.996576637155704e-13,2.7705861717259226,6.296517963411456,-16.892345034403917,-0.2170027135001611,5.359856715274828,-1.5818490098524312,3.7780077054223966,5.046666666666667,9.4906,127.0,18.33333333333333,2.433333333333333,13.786666666666669,7.6,8.96702,22560.0,60.0,141.0,2.0,23.0,0.0,2.2,1.35,8.52,3.77,16.0
138,435fc5049bd37b59eeb27345d447638b,TMDC-T,Nb1 S2,S1,164,8.240846542329704,0.3645734700061397,0.0327948908578707,3.3775524241626407,-3.697805358973083e-09,1.4619349854508394,1.921250465449448,-21.63805154156444,-1.0518363148967087,5.320818867994567,-1.1722365395292622,4.148582328465305,7.166666666666667,9.159623333333334,124.66666666666669,5.666666666666667,2.2533333333333334,13.963333333333331,15.7,6.75885,8570.0,47.0,164.0,1.0,5.0,1.0,1.6,1.45,10.83,2.9,6.0
139,2ddecaff58cd8aa4001ec58116bf5fb7,TMDC-T,Ni1 S2,S1,164,10.609299653352467,0.3554219629061981,0.0489548115387397,3.353644085388141,6.761238645465868e-11,1.2068253907269608,0.0,-16.158384140980687,-0.251673800260086,5.55233773361938,-2.0840974050730225,3.468240328546358,4.2,9.453273333333334,111.33333333333331,7.333333333333333,2.356666666666667,12.55,6.8,7.6398,8908.0,61.0,124.0,2.0,10.0,0.0,1.91,1.35,6.59,2.9,6.0
140,8ed22d0402452d0ffe8bef52b0e3990a,TMDC-T,Re1 Se2,Se1,164,20.824712332546387,0.4394148483560947,0.3724130404168863,3.172142223223632,-1.0279299974637211e-11,3.536880370322584,1.9293732443728564,-18.713909777203764,-0.0302180996646086,4.43101271499086,0.5669652770086773,4.997977991999537,5.746666666666666,9.112766666666667,130.33333333333334,17.666666666666668,2.333333333333333,13.9,9.7,7.83352,21020.0,54.0,151.0,2.0,21.0,0.0,1.9,1.35,8.86,3.77,16.0
141,9fdb1062a0e509945ef6d07f48d9552b,TMDC-T,Rh1 S2,S1,164,57.99791024173318,0.8895081261073792,0.1617641070610265,3.511851603783004,-1.2022297633632602e-07,1.4835770745295287,10.593492455381384,-16.152934015219156,-0.2831690077054662,6.038239255484626,-2.4671432126945194,3.5710960427901077,4.8,9.392973333333334,117.33333333333331,7.0,2.48,13.113333333333332,8.6,7.4589,12450.0,59.0,142.0,1.0,9.0,1.0,2.28,1.35,8.28,2.9,6.0
142,b28c9151cb99cc164af0846b2de17db1,TMDC-T,Ti1 Se2,Se1,164,22.171954440620137,0.3893188544865748,0.0,3.536203800119735,6.495372776855622e-11,1.7428457736155782,1.1624875293728902,-17.021725816693362,-1.1221233652574911,5.344682143629541,-1.487608671288606,3.857073472340935,7.38,8.777633333333334,133.33333333333334,12.0,2.2133333333333334,14.493333333333334,14.6,6.82812,4507.0,43.0,160.0,2.0,4.0,0.0,1.54,1.4,10.64,3.77,16.0
143,ad0a9efbff5d8a0d3aec147ef1f34269,TMDC-T,Fe1 Se2,Se1,164,26.08898961381511,0.4587038926827168,0.1061083186644905,3.3637130975041862,-3.749229668910049e-09,2.0355666834231863,2.039642415582108,-16.769084289945784,-0.2539281484386381,4.989579036605242,-0.993762993528348,3.995816043076894,5.3133333333333335,9.135726666666669,124.0,13.333333333333334,2.31,13.310000000000002,8.4,7.9024,7874.0,55.0,132.0,2.0,8.0,0.0,1.83,1.4,7.09,3.77,16.0
144,abc8a763398e58e4eb641a8e49da0596,TMDC-T,Ge1 Te2,Te1,164,44.641274833342806,0.4671427980466829,0.1451883494141152,3.868221948428767,-7.157083101916104e-14,2.274796942197796,1.720211609226722,-10.676745796697228,0.0829084232821906,5.018037709052666,-1.1388463582302415,3.879191350822425,5.613333333333333,8.639543333333334,132.0,15.333333333333334,2.07,18.183333333333334,5.84,7.89943,5323.0,79.0,120.0,2.0,14.0,0.0,2.01,1.25,13.63,5.5,16.0
145,748a40d9261c4f7b6009745dcfe80dff,TMDC-T,Hf1 Se2,Se1,164,5.380590014553238,0.3748443208202123,0.0,3.772599911346077,-9.670397739618788e-13,2.49794335282867,0.0,-18.518857514424067,-1.3490497529374856,5.284604532477236,-1.4170434418925408,3.867561090584695,7.913333333333333,8.776616666666667,138.33333333333334,16.666666666666668,2.1333333333333333,15.426666666666668,16.2,6.82507,13310.0,45.0,175.0,2.0,18.0,0.0,1.3,1.55,13.44,3.77,16.0
146,88fe85c905c734bf8916ecdacdd6ddbb,TMDC-T,Mo1 Se2,Se1,164,69.89444046557203,0.4235789210235197,0.2342671159704181,3.2819737910383098,4.31848056943375e-14,2.449365910155305,1.6241901446820703,-19.588254376710054,-0.4734863746443842,4.555558894691843,0.1226527941504516,4.678211688842294,6.78,8.865736666666667,131.33333333333334,12.666666666666666,2.42,14.073333333333336,12.8,7.09243,10280.0,50.0,154.0,1.0,6.0,1.0,2.16,1.45,9.38,3.77,16.0
147,a60883007156ecc50e22f48b26624849,TMDC-T,Pb1 Se2,Se1,164,7.865218230413888,0.4187981571197368,0.3470440475550415,3.999207342634366,-9.543292935958142e-15,2.386963308179875,0.0,-10.848036116418651,-0.0412706850162175,5.924512603062519,-2.369486836121764,3.5550257669407546,4.845,8.973803333333334,128.66666666666666,20.0,2.4766666666666666,17.033333333333335,6.995,7.41663,11340.0,81.0,146.0,2.0,28.0,0.0,2.33,1.8,18.26,3.77,16.0
148,a1a6144a3dc38cd48b999f5449810ec6,TMDC-T,Ru1 S2,S1,164,18.89178587508303,0.3637767897634792,0.4091566391799783,3.354043805433228,-4.9077588293629145e-08,1.6064235246788066,0.7102348661536295,-18.09782027902136,-0.1594921042448144,5.810490891001715,-1.7617858577531869,4.048705033248528,5.133333333333333,9.360173333333334,118.66666666666669,6.666666666666667,2.4533333333333336,13.076666666666666,9.6,7.3605,12370.0,56.0,146.0,1.0,8.0,1.0,2.2,1.3,8.17,2.9,6.0
149,46765951b78174ceed78093e42edd938,TMDC-T,Sc1 Te2,Te1,164,32.02492498413424,0.4707360531345355,0.1525568113223209,3.827613998426659,-2.458722667574193e-13,2.086873244523052,1.3314231357777386,-13.695859382376966,-0.8754935975589989,5.643485654037816,-1.6788195381959456,3.96466611584187,9.6,8.193563333333334,148.66666666666666,11.666666666666666,1.8533333333333333,18.64,17.8,6.56149,2985.0,11.0,170.0,2.0,3.0,0.0,1.36,1.6,15.0,5.5,16.0
150,fc6818c48fc299b6556322d70de3a8d6,TMDC-T,V1 S2,S1,164,15.092990451880029,0.3593224434748924,0.0167048817185163,3.1952962337383144,-3.91115987880731e-09,1.2042984671347703,1.3867369643609773,-19.267573613755623,-0.8624662843791526,5.547852395774386,-1.54874770758427,3.999104688190117,6.066666666666666,9.155403333333334,121.0,5.666666666666667,2.263333333333333,13.126666666666663,12.4,6.74619,6110.0,46.0,153.0,2.0,5.0,0.0,1.63,1.35,8.32,2.9,6.0
151,ce956489b784629803b89384fe0628c3,TMDC-T,Te2 Au1,Te1,164,40.48935423058967,0.469049424315843,0.2244523533485012,4.027506466700855,-4.603697470548771e-14,2.9610646180866422,3.4581933146525285,-9.177126458431475,0.1208238619016235,4.662485854410873,-0.9011462274845452,3.7613396269263273,5.6000000000000005,9.081576666666669,137.33333333333334,19.0,2.2466666666666666,17.043333333333333,5.8,9.22553,19300.0,66.0,136.0,1.0,25.0,1.0,2.54,1.35,10.21,5.5,16.0
152,8730e45efb8e1ce6929f672ec0c35269,TMDC-T,Co1 Te2,Te1,164,22.835860007259495,0.480380424592311,0.0726775311933375,3.6233420455404577,-2.7858366804962763e-14,2.5708888944599333,1.8630076477415929,-15.087525884633385,-0.1497181760213889,4.91682388729173,-0.6861800109922965,4.230643876299434,6.166666666666667,8.633403333333334,134.0,13.666666666666666,2.026666666666667,15.863333333333337,7.5,7.88101,8900.0,58.0,126.0,2.0,9.0,0.0,1.88,1.35,6.67,5.5,16.0
153,7adb07a9e72611c87394addd4ea3df6d,TMDC-T,Os1 Se2,Se1,164,47.69477656953797,0.3910194049027403,0.2938999616645124,3.660539808563055,1.9378445065915893e-11,2.8110220301831688,4.036147672324314,-17.794712537873398,0.1205652228847865,4.965834979479645,-1.075272250072751,3.890562729406894,5.346666666666667,9.314336666666668,128.0,18.0,2.433333333333333,13.753333333333336,8.5,8.43823,22590.0,57.0,144.0,2.0,22.0,0.0,2.2,1.3,8.42,3.77,16.0
154,24fca11afcccf71966ae45fbf7deb460,TMDC-T,Zr1 S2,S1,164,4.206560668398158,0.3445694021641783,0.0,3.682271803512689,1.8729580981945235e-14,1.2279104279332007,0.0,-20.315588552224472,-1.585491476497457,5.891610064033936,-2.1918638384326554,3.699746225601281,7.899999999999999,9.117973333333332,128.33333333333334,5.333333333333333,2.1633333333333336,15.026666666666666,17.9,6.6339,6511.0,44.0,175.0,2.0,4.0,0.0,1.33,1.55,14.02,2.9,6.0
155,aa6d6dcf6b9c6403df825b9fbda7f01c,TMDC-T,Hf1 Te2,Te1,164,20.03139405176527,0.4369883354968323,0.0067901131708723,3.9771380704348047,4.154676567374497e-09,2.8335737982740925,0.2225424347627185,-16.388187200970897,-0.8241555836700734,4.767960541237911,-0.741725845520828,4.026234695717083,9.066666666666666,8.281423333333334,150.33333333333334,16.666666666666668,1.8333333333333333,18.12,16.2,6.82507,13310.0,45.0,175.0,2.0,18.0,0.0,1.3,1.55,13.44,5.5,16.0
156,8b7cb176c57b8268b616e275e9c1159a,TMDC-T,Te2 Pb1,Te1,164,76.53997716638176,0.497218924940971,0.3831268936927212,4.180841092087734,-5.817038913514488e-14,2.6708967277764826,2.518983553927961,-9.861051042011592,0.1023950712358245,5.325720025545374,-1.629736016175524,3.6959840093698495,5.998333333333334,8.478610000000002,140.66666666666666,20.0,2.1766666666666667,19.72666666666667,6.995,7.41663,11340.0,81.0,146.0,2.0,28.0,0.0,2.33,1.8,18.26,5.5,16.0
157,7ad80ceadeff731637281635d5ce8a58,TMDC-T,Te2 W1,Te1,164,123.48269513428252,0.484979783853154,0.2151396913950935,3.507069407271471,1.598355924267309e-09,3.653463889634025,0.9453416761582776,-17.65671993020309,0.0793725233410143,3.995058793497696,0.9331848646041706,4.9282436581018665,7.366666666666667,8.627743333333333,146.0,17.333333333333332,2.186666666666667,16.796666666666667,11.1,7.86403,19250.0,51.0,162.0,2.0,20.0,0.0,2.36,1.35,9.47,5.5,16.0
158,70e66217c786c1b13a4a70beaaa8f448,TMDC-T,Fe1 Te2,Te1,164,29.323293018275063,0.5057162419885983,0.1459698521727753,3.622096644261157,1.1289989993510191e-09,2.524332169949652,4.518896396139164,-15.593180644140784,-0.0472895350539494,4.613233899371769,-0.3978247455353261,4.215409153836443,6.466666666666666,8.640533333333334,136.0,13.333333333333334,2.01,16.003333333333334,8.4,7.9024,7874.0,55.0,132.0,2.0,8.0,0.0,1.83,1.4,7.09,5.5,16.0
159,9025f097a6122c5607821955e9eed6a9,TMDC-T,Ni1 Se2,Se1,164,16.008970712034376,0.3860515183085698,0.0,3.541747679882134,7.401223978365765e-10,1.893362330891813,0.0,-14.987121434439429,-0.2580952252130727,4.971262965031014,-1.4302303307904811,3.541032634240532,4.78,9.048193333333334,121.33333333333331,14.0,2.3366666666666664,13.143333333333336,6.8,7.6398,8908.0,61.0,124.0,2.0,10.0,0.0,1.91,1.35,6.59,3.77,16.0
160,70ee6aa1f8f6314694fb2d1f9a31715b,TMDC-T,Pt1 S2,S1,164,5.334844053779528,0.3522523994309189,0.0,3.5736321442942254,-3.083080565166313e-11,2.228497462237687,0.0,-15.693657685991008,-0.394475867234437,5.466766496253006,-1.8102786078018371,3.656487888451169,4.1000000000000005,9.89294,115.33333333333331,12.0,2.48,13.383333333333333,6.5,8.9588,21090.0,63.0,136.0,1.0,24.0,1.0,2.28,1.35,9.09,2.9,6.0
161,681b4c0df977d5c967e17e0604d56fc6,TMDC-T,Ti1 Te2,Te1,164,27.30027386009449,0.4518499010591695,0.0086959580131497,3.7442470231571616,4.824657751632809e-10,2.2455755965303603,1.4871933775454718,-15.172394636222744,-0.6910089069842632,4.858826272896495,-0.7585611956986142,4.100265077197881,8.533333333333333,8.282440000000001,145.33333333333334,12.0,1.913333333333333,17.186666666666667,14.6,6.82812,4507.0,43.0,160.0,2.0,4.0,0.0,1.54,1.4,10.64,5.5,16.0
