,ID,formula,interface_atom,spacegroup,alphax_el,alphaz_el,ehull,a,dipole,density,dos_at_ef_nosoc,energy,hform,workfunction,efermi,evac,A_score,MagpieData mean Polarizability,MagpieData mean GSvolume_pa,MagpieData mean FirstIonizationEnergy,MagpieData mean MendeleevNumber,MagpieData mean NsValence,MagpieData mean NpValence,MagpieData mean NdValence,MagpieData mean NValence,MagpieData mean NpUnfilled,PymatgenData mean atomic_mass,DemlData mean row_num,DemlData mean col_num,DemlData mean molar_vol,MagpieData mean n_ws^third_A,MagpieData mean FirstIonizationEnergy_A,MagpieData mean Density_A,MagpieData mean MendeleevNumber_A,PymatgenData mean X_A,MagpieData mean Polarizability_B,MagpieData mean GSvolume_pa_B,MagpieData mean FirstIonizationEnergy_B,MagpieData mean Density_B,MagpieData mean CovalentRadius_B,MagpieData mean NpValence_B,MagpieData mean Polarizability_interface,MagpieData mean NpValence_interface,MagpieData mean NdValence_interface,MagpieData mean NValence_interface,MagpieData mean NpUnfilled_interface,PymatgenData mean atomic_mass_interface,DemlData mean molar_vol_interface
0,fe75c68d073ae777baf912fa9b65132a,Hf3 C2 O2,O,187,10.142735653476112,0.5786512952695831,0.2160936087424945,3.2708657164838755,-5.428347304457908e-14,4.730964753520874,0.0,-63.891602173059646,-1.8122556305234097,5.612438380085488,0.812342124423047,6.424780504508535,0.4285714285714285,7.649142857142857,13.727142857142857,10.03313,66.14285714285714,2.0,1.7142857142857142,0.8571428571428571,10.571428571428571,1.7142857142857142,84.4986,3.7142857142857135,10.285714285714286,12.231428571428571,1.45,6.82507,13310.0,45.0,1.3,1.236,7.3725,12.439175,1130.7145,71.0,3.0,0.802,4.0,0.0,6.0,2.0,15.9994,17.36
1,e0255a465d2e53aac9ca8193474f9086,Sc3 N2 F2,F,187,3.5351771140748727,0.5369755675457066,0.028984595902306,3.1806858274212813,-1.0559017613782609e-13,1.6941925981855823,1.6328304379575005,-52.721003550462285,-2.6947692311447904,4.0626661205980135,1.1395889585189305,5.202255079116944,0.4285714285714285,8.102,16.5225,11.94261,54.71428571428572,2.0,2.2857142857142856,0.4285714285714285,4.714285714285714,1.1428571428571428,28.69684891428571,2.857142857142857,10.428571428571429,13.497142857142856,1.27,6.56149,2985.0,11.0,1.36,0.8285,12.238125,15.97845,1.4735,64.0,4.0,0.557,5.0,0.0,7.0,1.0,18.9984032,11.2
2,802707d07612139b4fca4bcb87903295,Hf3 C2,Hf,187,24.7506817473664,1.8729488077263527,0.3618766996613403,3.298288258985715,-2.1650459457385503e-05,4.908254224881072,3.312280724231893,-42.795386515374055,-0.3676201565227145,4.347474745211698,1.7391577792843087,6.0866325244960064,0.6,10.388,15.576,8.599162000000002,57.8,2.0,0.8,1.2,12.4,1.6,111.89828,4.4,8.0,10.18,1.45,6.82507,13310.0,45.0,1.3,1.67,5.64,11.2603,2260.0,76.0,2.0,16.2,0.0,2.0,18.0,0.0,178.49,13.44
3,ffcf13d806db6dac2a5cdfe0473abd1e,Nb3 N2,Nb,187,37.6991744533747,1.0869847969996318,0.6876578100631584,2.9448288797874573,3.2623156078660425e-06,3.305449453439294,2.953191859307491,-49.69101860416013,-0.401354050448505,5.062609954515077,2.267867832428028,7.330477786943105,0.6,9.86,16.8155,9.868950000000002,61.0,1.4,1.2,2.4,5.0,1.2,61.34650799999999,3.8,9.0,11.914,1.64,6.75885,8570.0,47.0,1.6000000000000003,1.1,14.76875,14.5341,1.251,71.0,3.0,15.7,0.0,4.0,5.0,0.0,92.90638,10.83
4,447a5ac83ef73379e16a78f57105d3d5,Zr4 C3 O2,O,164,33.71584008689447,0.8258434377286372,0.107203973312832,3.3063710511980857,-0.0001078194904969,3.030012942113071,0.9023417935988924,-82.35360211191208,-1.648297919926481,5.290119771284589,1.9343947282242628,7.224514499508852,0.4444444444444444,8.690444444444445,14.212222222222222,9.728066666666669,64.55555555555556,2.0,1.5555555555555556,0.8888888888888888,4.444444444444445,1.7777777777777777,48.102988888888895,3.333333333333333,10.0,11.852222222222222,1.41,6.6339,6511.0,44.0,1.33,1.3228,7.025999999999999,12.2034,1356.5716,72.0,2.8,0.802,4.0,0.0,6.0,2.0,15.9994,17.36
5,5b0247297d986e39b74cc617d72f6d07,Sc4 N3,Sc,164,19.46038345331436,1.0364968030475443,0.1805820906052306,3.2105320027618696,-9.805711046420802e-06,1.829805648108162,2.2373928806410794,-54.09583787638962,-1.485609463574369,3.936230940709408,1.9919880752283703,5.928219015937778,0.5714285714285714,10.642857142857142,19.03517857142857,9.978322857142857,41.42857142857143,2.0,1.2857142857142858,0.5714285714285714,3.857142857142857,1.2857142857142858,31.691964,3.142857142857143,8.142857142857142,14.374285714285715,1.27,6.56149,2985.0,11.0,1.36,1.1,14.768750000000002,14.5341,1.251,71.0,3.0,17.8,0.0,1.0,3.0,0.0,44.955912,15.0
6,65b359dfc649933ae84175eda75fc8bb,Y2 N1,Y,164,53.51984214700587,0.6909052179489403,0.458548792632071,3.4375629545242923,1.6314870891932055e-06,1.757113998898792,3.6515358405340654,-19.828168361530235,-0.6975397881858321,3.982752409495568,0.3728449835915718,4.35559739308714,0.6666666666666666,15.5,26.499583333333334,8.989566666666667,35.333333333333336,2.0,1.0,0.6666666666666666,3.6666666666666665,1.0,63.93946666666667,4.0,7.0,17.766666666666666,1.21,6.2173,4472.0,12.0,1.22,1.1,14.76875,14.5341,1.251,71.0,3.0,22.7,0.0,1.0,3.0,0.0,88.90585,19.88
7,32c68f29f139d3513ebf2cb29c5c09b9,Cr2 N1 F2,F,164,6.813544101007913,1.4409934060229663,0.1445630585463071,3.01599619423943,-2.181701011421148e-05,1.6728593756499377,2.4765368651568105,-37.862825450329055,-1.503966994716111,5.304590294528822,-0.9186381361935486,4.385952158335273,0.4,5.082800000000001,11.31275,12.582544,73.2,1.6,2.6,2.0,6.2,1.0,31.19914128,2.8,12.2,10.08,1.73,6.76651,7140.0,49.0,1.66,0.7380000000000001,11.394583333333337,16.4599,1.5476666666666663,61.66666666666666,4.333333333333333,0.557,5.0,0.0,7.0,1.0,18.9984032,11.2
8,55dd927d50996c0b5dbea3e3c5a7fd73,Zr2 H2 C1 O2,H,164,89.2582257266854,0.9648943434044108,0.3161684788383267,3.3111591001238505,-2.159516903596292e-13,1.8048590933086115,1.208385993904676,-51.32129889369752,-1.485474418667456,2.049608356334123,1.9538974528961817,4.003505809230305,0.2857142857142857,5.772512285714285,11.924285714285716,11.280155142857142,74.71428571428571,1.7142857142857142,1.4285714285714286,0.5714285714285714,3.7142857142857135,1.1428571428571428,32.63905428571429,2.571428571428572,8.0,12.984285714285717,1.41,6.6339,6511.0,44.0,1.33,0.9215172,7.415999999999999,13.1386572,452.60756,54.0,2.0,0.666793,0.0,0.0,1.0,0.0,1.00794,11.42
9,3ec82cd54d28039b521e3358ddb1c5e1,Mn2 H2 N1 O2,H,164,136.11692927179195,1.515940241663503,0.1652371613248502,3.0706586951381074,-1.1762028908255864e-05,1.489832043399529,2.0735730121742857,-50.131480766710624,-0.7782819280144407,1.5451564486526148,1.4268195406216926,2.9719759892743074,0.2857142857142857,3.262512285714286,9.597703201971427,11.976446571428571,77.71428571428571,1.7142857142857142,1.5714285714285714,1.4285714285714286,4.714285714285714,1.0,22.55678142857143,2.2857142857142856,9.0,12.257142857142856,1.61,7.43402,7470.0,52.0,1.55,0.8075172,9.24175,13.7934172,0.8577600000000001,53.0,2.2,0.666793,0.0,0.0,1.0,0.0,1.00794,11.42
10,7189bdfbfb73a52a120874fe42b27d80,Mn3 C2 O2,O,187,58.88707223498159,1.0112238346481934,0.3865953077509887,2.882012421515692,4.142022479910834e-06,2.3031611530762643,3.0748248836574192,-60.69139138145667,-0.4076683440287161,6.729443982182095,-0.4781742520579962,6.251269730124099,0.4285714285714285,4.734857142857144,8.707536945814287,10.294108571428572,69.14285714285714,2.0,1.7142857142857142,2.142857142857143,5.857142857142857,1.7142857142857142,31.547762142857145,2.857142857142857,11.571428571428571,9.62142857142857,1.61,7.43402,7470.0,52.0,1.55,1.236,7.3725,12.439175,1130.7145,71.0,3.0,0.802,4.0,0.0,6.0,2.0,15.9994,17.36
11,dd1738f1ddeca94cad550dd08517738a,Y3 N2 O2,O,187,4.30322346129228,0.6078490414092598,0.3418378583607424,3.532887573914431,1.2722778204074463e-09,2.2536905172806025,0.0,-56.62522873331328,-2.2281603067516227,5.627724369205078,-0.2737139307648386,5.354010438440239,0.4285714285714285,10.272,20.691785714285714,10.70802857142857,53.42857142857143,2.0,2.0,0.4285714285714285,4.428571428571429,1.4285714285714286,46.67567857142858,3.2857142857142856,10.142857142857142,17.34857142857143,1.21,6.217299999999999,4472.0,12.0,1.22,0.951,11.936875,14.076075,1.34,68.5,3.5,0.802,4.0,0.0,6.0,2.0,15.9994,17.36
12,a543c577d6fa2081259132bda5717d86,Sc3 N2,Sc,187,12.240348844862105,0.8437207678564913,0.3126475099144237,3.2184378774341527,1.4359978697600482e-05,1.5101426735070185,3.127424402220015,-36.896623728147375,-1.2424646073198695,4.012785620438687,0.9484195460223904,4.9612051664610775,0.6,11.12,19.2485,9.750534,39.4,2.0,1.2,0.6,3.8,1.2,32.57622719999999,3.2,7.8,14.416,1.27,6.56149,2985.0,11.0,1.36,1.1,14.76875,14.5341,1.251,71.0,3.0,17.8,0.0,1.0,3.0,0.0,44.955912,15.0
13,a8144ffaa353702e1e9fadb42c8a19a9,Sc4 C3 F2,F,164,112.28063935832866,0.8002105328824968,0.1570493023475592,3.2636689951190268,-4.696746304280195e-05,1.8052491772728905,3.783058655821984,-62.639081540864666,-1.4631391642165994,5.044259529101563,0.4973465723497713,5.541606101451334,0.4444444444444444,8.591555555555557,13.919444444444444,10.541384444444445,51.22222222222222,2.0,1.7777777777777777,0.4444444444444444,4.222222222222222,1.5555555555555556,28.20583937777777,2.888888888888889,9.77777777777778,10.91888888888889,1.27,6.56149,2985.0,11.0,1.36,1.2248,7.266999999999999,13.7253,1356.6784,68.4,3.2,0.557,5.0,0.0,7.0,1.0,18.9984032,11.2
14,a7b04a0f319f2fb0e0f2d6b8fd925815,Cr4 N3 O2,O,164,374.802522225098,16.74353303347254,0.1365224815283603,2.947095041223956,-3.3997262727418766e-05,2.582206824972375,6.86501966609166,-80.64424972652299,-0.8559851222530123,6.345241566890612,0.9621723814908424,7.307413948381454,0.4444444444444444,5.700444444444444,11.919583333333334,10.878271111111111,68.44444444444444,1.5555555555555556,1.8888888888888888,2.2222222222222223,5.666666666666667,1.4444444444444444,31.333700000000004,2.888888888888889,11.22222222222222,11.584444444444443,1.73,6.76651,7140.0,49.0,1.66,0.9808,12.50325,14.16768,1.3222,69.0,3.4,0.802,4.0,0.0,6.0,2.0,15.9994,17.36
15,231a6bab66ffeb718335a11f4b116e19,Zr2 N1,Zr,164,127.1203755557405,0.5322055607225838,0.6876167877492775,3.233714898790061,6.122267820582752e-06,2.062511442523216,3.67262650934914,-24.79094387552612,-0.5441575439457177,4.412803139335224,0.384158421095237,4.796961560430461,0.6666666666666666,12.3,20.38625,9.2673,56.66666666666666,2.0,1.0,1.3333333333333333,4.333333333333333,1.0,65.4849,4.0,7.666666666666667,13.86,1.41,6.6339,6511.0,44.0,1.33,1.1,14.76875,14.5341,1.251,71.0,3.0,17.9,0.0,2.0,4.0,0.0,91.224,14.02
16,ce8ec3b79196ea56e8c739c9209b672a,Sc3 H2 C2 O2,H,187,30.213815914602257,0.8819189228831488,0.452743884310935,3.3500865097899823,-1.2199803222357552e-14,1.3245601213175735,0.2568864776056095,-60.11537580116556,-1.1999542955628888,1.6206668420517567,1.5647851100509862,3.185451952102743,0.3333333333333333,6.630842888888889,12.158333333333331,10.737561777777778,60.55555555555556,1.7777777777777777,1.3333333333333333,0.3333333333333333,3.4444444444444446,1.3333333333333333,21.43375733333333,2.4444444444444446,7.888888888888889,12.571111111111112,1.27,6.56149,2985.0,11.0,1.36,1.0462643333333332,7.12,12.825597666666669,753.8396333333334,57.66666666666666,2.0,0.666793,0.0,0.0,1.0,0.0,1.00794,11.42
17,2dff53c6d273969099a22da0cb0c1eaa,Cr3 C2 F2,F,187,40.95606018023575,2.8790868809607466,0.2294263184108973,2.9567354202838123,-1.4720295841919269e-06,2.210890605028524,4.888251864274952,-55.82919835354469,-0.8558794620692061,6.214579394453086,-0.1323733634810363,6.082206030972049,0.4285714285714285,5.607714285714286,9.180714285714286,11.095104285714283,69.57142857142857,1.5714285714285714,2.0,2.142857142857143,5.714285714285714,1.4285714285714286,31.143786628571423,2.857142857142857,11.428571428571429,7.81,1.7299999999999998,6.76651,7140.0,49.0,1.66,1.1135,7.67375,14.34155,1130.848,66.5,3.5,0.557,5.0,0.0,7.0,1.0,18.9984032,11.2
18,c5ab088bce9504b35cde4fbcb5b0a33b,Zr3 N2 O2,O,187,13.641267702549673,0.6027164950488435,0.0944923871130347,3.237688968317948,-7.42512796095801e-14,2.7354550528242108,0.0,-66.15105545022499,-2.42693792772839,4.463961435882249,2.159900150954814,6.623861586837063,0.4285714285714285,8.214857142857143,16.761785714285715,10.886571428571427,67.14285714285714,2.0,2.0,0.8571428571428571,4.857142857142857,1.4285714285714286,47.66917142857143,3.2857142857142856,10.571428571428571,14.837142857142856,1.41,6.6339,6511.0,44.0,1.33,0.951,11.936875,14.076075,1.34,68.5,3.5,0.802,4.0,0.0,6.0,2.0,15.9994,17.36
19,35f62f17f06f11e44eb7ea4b63d823c4,Ta3 N2,Ta,187,55.07793191098854,2.129466605590799,0.7648769757371209,2.932054466344501,-1.8650035506153888e-06,6.169055643889999,2.961025359499209,-47.69752693991739,-0.3086099793527154,5.302180612077317,2.354221289744047,7.656401901821364,0.6,8.3,16.779500000000002,10.343382,61.6,2.0,1.2,1.8,13.4,1.2,114.171408,4.4,9.0,11.925999999999998,1.63,7.54957,16650.0,48.0,1.5,1.1,14.76875,14.5341,1.251,71.0,3.0,13.1,0.0,3.0,19.0,0.0,180.94788,10.85
20,8bec186a36b53a5f37c54d41999cc6d4,Y4 N3 F2,F,164,5.124703274976897,0.807690145295748,0.0,3.466566281825991,-0.0001281430455422,2.7084292272477266,0.9545536004873104,-69.10669100378024,-2.456640293446557,2.9196754011528667,3.129566158816349,6.049241559969216,0.4444444444444444,10.579333333333333,21.464583333333334,11.479677777777775,53.333333333333336,2.0,2.111111111111111,0.4444444444444444,4.555555555555555,1.2222222222222223,48.40447848888888,3.333333333333333,10.11111111111111,15.837777777777776,1.21,6.2173,4472.0,12.0,1.22,0.8828000000000001,12.74425,15.68958,1.4289999999999998,65.4,3.8,0.557,5.0,0.0,7.0,1.0,18.9984032,11.2
21,b6af63536812af83a9c90e84cb633008,Hf4 N3 O2,O,164,177.25195011235493,0.7686043686601557,0.0904935703183373,3.222560450766096,-8.218521082139146e-05,5.8491244851223385,2.621007391395791,-85.21628025054828,-2.209534905722345,4.512300863922383,3.498851907557815,8.011152771480198,0.4444444444444444,7.744888888888888,16.812916666666666,10.904297777777778,66.66666666666667,2.0,1.8888888888888888,0.8888888888888888,11.0,1.4444444444444444,87.55321111111111,3.7777777777777777,10.333333333333334,14.344444444444443,1.45,6.82507,13310.0,45.0,1.3,0.9808,12.50325,14.16768,1.3222,69.0,3.4,0.802,4.0,0.0,6.0,2.0,15.9994,17.36
22,51b4097f0abf60ffca7257e3ed3f0265,Nb4 C3,Nb,164,75.18226088981291,1.0233689419167196,0.3658670307866567,3.12872630490975,2.126626250145732e-05,3.5316120653825744,2.593223779627552,-70.8487144110437,-0.2692295297909136,4.40808170603762,3.332851894697436,7.740933600735055,0.5714285714285714,9.687142857142858,12.805714285714286,8.688042857142857,59.85714285714285,1.4285714285714286,0.8571428571428571,2.2857142857142856,4.571428571428571,1.7142857142857142,58.236802857142855,3.7142857142857135,8.857142857142858,8.455714285714285,1.64,6.75885,8570.0,47.0,1.6,1.67,5.64,11.2603,2260.0,76.0,2.0,15.7,0.0,4.0,5.0,0.0,92.90638,10.83
23,e8f137f82d107b3c6f006519879bbea6,Ti4 N3,Ti,164,222.24860674702725,0.901127745077122,0.1452147805074677,2.985880845458752,-9.77417400198849e-06,2.2587646492681217,7.43043450052862,-60.61075205006316,-1.2563175880591675,4.652983729739505,2.4071355472198763,7.060119276959382,0.5714285714285714,8.814285714285713,15.866607142857143,10.130682857142858,59.71428571428572,2.0,1.2857142857142858,1.1428571428571428,4.428571428571429,1.2857142857142858,33.355442857142855,3.142857142857143,8.714285714285714,11.882857142857144,1.52,6.82812,4507.0,43.0,1.54,1.1,14.768750000000002,14.5341,1.251,71.0,3.0,14.6,0.0,2.0,4.0,0.0,47.867,10.64
24,a0af9c764b356c07f16b6c0c793a95c8,Mn2 N1 F2,F,164,10.931605791247524,0.4771021511805227,0.1439420700146423,3.04503677233938,4.14994706002872e-06,1.702855175396733,2.3526965621480738,-37.703715714098415,-1.3488834383418695,5.630663806435665,-1.3865870744681854,4.24407673196748,0.4,4.202800000000001,11.03178448276,12.849548,74.4,2.0,2.6,2.0,6.6,1.0,32.37591928,2.8,12.6,10.128,1.61,7.43402,7470.0,52.0,1.55,0.7380000000000001,11.394583333333337,16.4599,1.5476666666666663,61.66666666666666,4.333333333333333,0.557,5.0,0.0,7.0,1.0,18.9984032,11.2
25,94af96458da3d9f64395d0b79f3e364e,Hf3 C2 F2,F,187,17.503627648802027,0.5504766285252891,0.0,3.2980568455118657,1.2328920498931646e-13,4.641477391240334,0.17745193863362,-57.51600239204213,-1.9121997740544177,3.023888545717576,2.872157154796296,5.896045700513872,0.4285714285714285,7.579142857142856,13.899285714285712,11.120201428571429,67.85714285714286,2.0,2.0,0.8571428571428571,10.857142857142858,1.4285714285714286,85.35545805714285,3.7142857142857135,10.571428571428571,10.471428571428572,1.45,6.82507,13310.0,45.0,1.3,1.1135,7.67375,14.34155,1130.848,66.5,3.5,0.557,5.0,0.0,7.0,1.0,18.9984032,11.2
26,d7de21d74314345fa97d507d7f4ed31d,Nb3 C2 O2,O,187,31.47664170811062,0.5883883612657642,0.114148826653426,3.1385096561448376,-3.29134740077266e-06,2.933781118408448,3.197651830241805,-69.26393076948209,-1.371027990071266,5.21147173910102,1.8151071337759253,7.026578872876946,0.4285714285714285,7.434857142857142,12.004285714285714,10.00475,67.0,1.5714285714285714,1.7142857142857142,1.7142857142857142,5.0,1.7142857142857142,47.81990571428572,3.2857142857142856,10.714285714285714,11.11285714285714,1.64,6.75885,8570.0,47.0,1.6000000000000003,1.236,7.3725,12.439175,1130.7145,71.0,3.0,0.802,4.0,0.0,6.0,2.0,15.9994,17.36
27,15f7bdb882f4f6b04e9d7a6c070499d7,Nb3 C2,Nb,187,31.398237508033024,0.7591381362994505,0.577765918092412,3.1761591223278804,-1.0462590821345557e-06,2.901439518524128,2.748677884381768,-49.581781112276445,-0.032714659985703,4.419363377962065,1.9698348626077289,6.389198240569794,0.6,10.088,13.163999999999998,8.55943,59.0,1.4,0.8,2.4,4.6,1.6,60.548108,3.8,8.6,8.614,1.64,6.75885,8570.0,47.0,1.6000000000000003,1.67,5.64,11.2603,2260.0,76.0,2.0,15.7,0.0,4.0,5.0,0.0,92.90638,10.83
28,18bb7a849e0c56fac85d0e9015273241,Ti3 N2,Ti,187,71.7985374890381,1.007853082804684,0.4864369556310562,3.0137889135592384,-1.600931881937104e-06,1.839219788722701,5.184783934163967,-41.70012882507754,-0.9851720313639106,4.588992078387147,1.19547574752608,5.784467825913227,0.6,9.2,15.921500000000004,9.910512,58.6,2.0,1.2,1.2,4.4,1.2,34.32288,3.2,8.4,11.8,1.5200000000000002,6.828120000000001,4507.0,43.0,1.54,1.1,14.76875,14.5341,1.251,71.0,3.0,14.6,0.0,2.0,4.0,0.0,47.867,10.64
29,fac4e6e86e6837d20bd101bc4221e350,Ti4 C3 F2,F,164,286.2955260156444,0.7135608781719432,0.0,3.0788281447550863,5.2727237920921976e-05,2.1746273879084224,1.982230508730166,-72.30745846149142,-1.6351857884773564,4.6110923973767495,2.024542587069964,6.635634984446714,0.4444444444444444,7.169333333333333,11.455,10.659886666666669,65.44444444444444,2.0,1.7777777777777777,0.8888888888888888,4.666666666666667,1.5555555555555556,29.499656266666666,2.888888888888889,10.22222222222222,8.981111111111112,1.52,6.82812,4507.0,43.0,1.54,1.2248,7.266999999999999,13.7253,1356.6784,68.4,3.2,0.557,5.0,0.0,7.0,1.0,18.9984032,11.2
30,af402ea74f1263f91f03d405e938c5d5,Mn4 N3 O2,O,164,0.0,0.0,0.0678003244687279,2.903360069119828,6.0832649638412864e-05,2.772179666864104,3.207707881162876,-79.86100775132574,-0.6320008926443058,6.622624305707613,0.8102416970113264,7.4328660027189395,0.4444444444444444,4.722666666666666,11.60739942528889,11.17494222222222,69.77777777777777,2.0,1.8888888888888888,2.2222222222222223,6.111111111111111,1.4444444444444444,32.64123111111112,2.888888888888889,11.666666666666666,11.637777777777778,1.61,7.43402,7470.0,52.0,1.55,0.9808,12.50325,14.16768,1.3222,69.0,3.4,0.802,4.0,0.0,6.0,2.0,15.9994,17.36
31,bd2babc715ea114183cf7f6a1f643ec9,Sc4 C3,Sc,164,53.21117394190917,1.273482341044968,0.1869828954579883,3.402476894058603,-2.4914754626862865e-05,1.5919383283795323,2.88452578784688,-48.54874306465945,-0.321604606092129,3.010571960574874,1.5412412524494363,4.55181321302431,0.5714285714285714,10.88714285714286,15.122857142857145,8.575265714285715,39.285714285714285,2.0,0.8571428571428571,0.5714285714285714,3.4285714285714284,1.7142857142857142,30.83653542857143,3.142857142857143,7.714285714285714,10.838571428571427,1.27,6.56149,2985.0,11.0,1.36,1.67,5.64,11.2603,2260.0,76.0,2.0,17.8,0.0,1.0,3.0,0.0,44.955912,15.0
32,9197a3bd6f1fe59283b2da15600b2b9d,V4 N3,V,164,120.56329577076104,1.0965373717344438,0.4701750254726965,2.9333342373052136,2.933907724027513e-05,2.5193424866440584,5.20802457132545,-63.3071910750041,-0.5933562725952685,4.758467665473381,2.264459928829219,7.022927594302599,0.5714285714285714,7.557142857142857,13.76375,10.083865714285716,61.42857142857143,2.0,1.2857142857142858,1.7142857142857142,5.0,1.2857142857142858,35.1123,3.142857142857143,9.285714285714286,10.55714285714286,1.64,6.74619,6110.0,46.0,1.63,1.1,14.768750000000002,14.5341,1.251,71.0,3.0,12.4,0.0,3.0,5.0,0.0,50.9415,8.32
33,7ca78a29f960f6af1f95c442ac23c40d,Hf2 C1 F2,F,164,20.41978851743915,0.3817669242263583,0.0398484409804176,3.2676431201343923,-2.458530001192301e-14,3.637131677167143,1.126093620884992,-38.70704879670559,-2.2604074706682544,3.5606039134251737,1.1934398013327503,4.754043714757924,0.4,7.0368,13.891,11.951208,70.6,2.0,2.4,0.8,10.8,1.2,81.39750128,3.6,11.2,10.914,1.45,6.82507,13310.0,45.0,1.3,0.928,8.351666666666667,15.368633333333332,754.4639999999999,63.333333333333336,4.0,0.557,5.0,0.0,7.0,1.0,18.9984032,11.2
34,aed120d3535adc43167d55ab49370e4b,Nb2 C1 O2,O,164,22.63700634190648,0.3989291069642666,0.110416071752655,3.127241176354269,-1.6538820337565423e-14,2.2963036650843254,0.9727432091301752,-48.75839003943976,-1.727511018123181,5.75116725753191,-0.2059288106635551,5.545238446868355,0.4,6.9348,12.042,10.40282,69.0,1.6,2.0,1.6,5.2,1.6,45.964452,3.2,11.2,12.334,1.64,6.75885,8570.0,47.0,1.6,1.0913333333333333,7.95,12.832133333333331,754.2860000000001,69.33333333333333,3.333333333333333,0.802,4.0,0.0,6.0,2.0,15.9994,17.36
35,7b271199e23148965073627c93006725,Sc2 H2 N1 O2,H,164,2.909303633270265,1.018181653211647,0.2615535260408761,3.220014645422368,1.241780485165196e-05,1.1686530792818208,2.1611397684147344,-47.87450714505943,-1.9007072006016028,2.0494579267434467,1.4387707104618352,3.4882286372052818,0.2857142857142857,5.6625122857142856,12.954107142857142,11.727152285714286,66.0,1.7142857142857142,1.5714285714285714,0.2857142857142857,3.571428571428572,1.0,19.704743428571422,2.2857142857142856,7.857142857142857,14.44285714285714,1.27,6.56149,2985.0,11.0,1.36,0.8075172,9.24175,13.7934172,0.8577600000000001,53.0,2.2,0.666793,0.0,0.0,1.0,0.0,1.00794,11.42
36,9779f0590d0925c84c827a70a50dce4a,Mn3 C2 F2,F,187,31.231073369271105,0.6319611103603072,0.2900921534411063,2.9306195828256025,-2.858399115163112e-06,2.2562323487561686,4.280293972669178,-56.050441727258665,-0.7554196485339395,6.253968107126094,-0.396530117592039,5.857437989534056,0.4285714285714285,4.664857142857144,8.879679802957144,11.38118,70.85714285714286,2.0,2.0,2.142857142857143,6.142857142857143,1.4285714285714286,32.404620200000004,2.857142857142857,11.857142857142858,7.86142857142857,1.61,7.43402,7470.0,52.0,1.55,1.1135,7.67375,14.34155,1130.848,66.5,3.5,0.557,5.0,0.0,7.0,1.0,18.9984032,11.2
37,2843a2530331e5835f19f716cd007c7b,Sc3 C2,Sc,187,8.282133792921838,0.8115394140714854,0.2052918534008561,3.3715311426072807,-2.425666137104092e-06,1.3450417784167288,3.473398235449772,-33.83851203114834,-0.2840503758339963,3.6285129222438814,0.7657961716337067,4.394309093877588,0.6,11.348000000000004,15.597,8.441014000000001,37.4,2.0,0.8,0.6,3.4,1.6,31.7778272,3.2,7.4,11.116,1.27,6.56149,2985.0,11.0,1.36,1.67,5.64,11.2603,2260.0,76.0,2.0,17.8,0.0,1.0,3.0,0.0,44.955912,15.0
38,66ad6f083991be1d4054a72f46c68f31,V3 N2,V,187,45.68229114089433,2.665351550512584,0.6620697583549516,2.7846933282085224,-3.46214073952629e-06,2.240661831711228,6.80670867752,-44.116651361204376,-0.3679013036110433,5.110014919158016,1.0325849379689434,6.142599857126959,0.6,7.880000000000001,13.7135,9.861354,60.4,2.0,1.2,1.8,5.0,1.2,36.16758,3.2,9.0,10.408,1.64,6.746190000000001,6110.0,46.0,1.63,1.1,14.76875,14.5341,1.251,71.0,3.0,12.4,0.0,3.0,5.0,0.0,50.9415,8.32
39,15550fcef9a90bbb51cdb28953399390,Cr4 C3 O2,O,164,77.72048242928395,6.089012453722247,0.3510970660129482,2.9007873694746413,1.2604104361504656e-05,2.5983004351657395,2.5721311426982125,-79.27138557917192,-0.414451418031171,6.574349438757865,0.9982382066566472,7.572587645414512,0.4444444444444444,5.890444444444444,8.876666666666665,9.787004444444444,66.77777777777777,1.5555555555555556,1.5555555555555556,2.2222222222222223,5.333333333333333,1.7777777777777777,30.66836666666667,2.888888888888889,10.88888888888889,8.834444444444445,1.73,6.76651,7140.0,49.0,1.66,1.3228,7.025999999999999,12.2034,1356.5716,72.0,2.8,0.802,4.0,0.0,6.0,2.0,15.9994,17.36
40,507aa6e9f40492bb80c8f809c220b125,Ta4 C3,Ta,164,75.09853903243074,0.9917813712775652,0.3573913446480777,3.1180819533499986,2.247156579535923e-06,6.610807030783282,2.552974652871451,-68.7721468739842,-0.2639620356898007,4.735762417168395,3.437284598053218,8.173047015221613,0.5714285714285714,8.20142857142857,12.771428571428572,9.139882857142856,60.42857142857143,2.0,0.8571428571428571,1.7142857142857142,12.571428571428571,1.7142857142857142,108.54623142857145,4.285714285714286,8.857142857142858,8.467142857142857,1.63,7.54957,16650.0,48.0,1.5,1.67,5.64,11.2603,2260.0,76.0,2.0,13.1,0.0,3.0,19.0,0.0,180.94788,10.85
41,95ac37d246ab465438a89acf784e2619,Mn2 C1 F2,F,164,37.52419008677666,0.3746984335172432,0.2327711638808027,2.964121758576718,-7.645525659673559e-14,1.8162083137767968,1.670721340331592,-37.88481155922241,-1.2117066613236367,6.275147908605601,-1.6835190201576191,4.591628888447982,0.4,4.3168,9.20603448276,12.194788,73.4,2.0,2.4,2.0,6.4,1.2,31.97671928,2.8,12.4,8.478,1.61,7.43402,7470.0,52.0,1.55,0.928,8.351666666666667,15.368633333333332,754.4639999999999,63.333333333333336,4.0,0.557,5.0,0.0,7.0,1.0,18.9984032,11.2
42,83d89972dd0fb047ff7b1f3a20b8c96c,Sc2 N1 O2,O,164,12.90964033212292,0.4107329581628429,0.5144466558627547,3.242004512347336,-3.5999289515167766e-14,1.278617548987386,2.548230637350171,-39.993005346303526,-2.4144897135882446,7.271340444319688,-3.126432384711771,4.144908059607917,0.4,7.6608,15.489749999999995,10.978636,55.6,2.0,2.2,0.4,4.6,1.4,27.1834648,2.8,10.6,15.651999999999996,1.27,6.56149,2985.0,11.0,1.36,0.9013333333333334,10.992916666666668,13.9234,1.3696666666666666,67.66666666666667,3.6666666666666665,0.802,4.0,0.0,6.0,2.0,15.9994,17.36
43,b074e0e82adfbdafe2cf64962c447397,Sc3 H2 N2 O2,H,187,3.837116610862929,1.5230492016140895,0.2100794348611396,3.2017998009575668,2.347447859090309e-05,1.5041065508248794,2.390870339052235,-64.71471814650205,-1.903654496203648,1.8299109067240888,2.336036881098336,4.165947787822424,0.3333333333333333,6.504176222222223,14.186944444444446,11.465072888888889,61.66666666666666,1.7777777777777777,1.5555555555555556,0.3333333333333333,3.6666666666666665,1.1111111111111112,21.877312888888884,2.4444444444444446,8.11111111111111,14.404444444444444,1.27,6.56149,2985.0,11.0,1.36,0.8562643333333334,10.162916666666668,13.916864333333333,0.9233,56.0,2.333333333333333,0.666793,0.0,0.0,1.0,0.0,1.00794,11.42
44,93ca2e32a60dfe572cc208a7b9f05101,Ta3 C2 O2,O,187,41.31505457742672,0.5779821048675968,0.117334100372473,3.1305375574789136,2.716551772541896e-06,5.262928091601498,3.3369110177389927,-67.91818933672302,-1.397317972357654,4.986783972951056,2.250493726038093,7.237277698989148,0.4285714285714285,6.320571428571428,11.978571428571428,10.34363,67.42857142857143,2.0,1.7142857142857142,1.2857142857142858,11.0,1.7142857142857142,85.55197714285714,3.7142857142857135,10.714285714285714,11.12142857142857,1.63,7.54957,16650.0,48.0,1.5,1.236,7.3725,12.439175,1130.7145,71.0,3.0,0.802,4.0,0.0,6.0,2.0,15.9994,17.36
45,54a233e634e4af2d912a16eb2cfeb00d,Y3 N2 F2,F,187,3.4658089685185214,0.5936712332524584,0.0077807140108796,3.457518289160852,1.205083365518331e-13,2.324496416224554,1.6900074097381073,-52.25151134324914,-2.6140876489902567,3.2927969727308293,1.9889411205195149,5.281738093250344,0.4285714285714285,10.202,20.86392857142857,11.7951,55.142857142857146,2.0,2.2857142857142856,0.4285714285714285,4.714285714285714,1.1428571428571428,47.53253662857143,3.2857142857142856,10.428571428571429,15.588571428571427,1.21,6.217299999999999,4472.0,12.0,1.22,0.8285,12.238125,15.97845,1.4735,64.0,4.0,0.557,5.0,0.0,7.0,1.0,18.9984032,11.2
46,934b935f607c33247b17fe3b4cfdc7c3,Hf4 C3 O2,O,164,25.04896823966108,0.7791241213248533,0.1018252694717309,3.279434923027329,-6.379887480772049e-05,5.569380083072852,0.7485364304523215,-83.03716467976857,-1.678417710008432,5.394417051886437,2.025184243910016,7.419601295796452,0.4444444444444444,7.934888888888889,13.77,9.813031111111112,65.0,2.0,1.5555555555555556,0.8888888888888888,10.666666666666666,1.7777777777777777,86.88787777777777,3.7777777777777777,10.0,11.594444444444443,1.45,6.82507,13310.0,45.0,1.3,1.3228,7.025999999999999,12.2034,1356.5716,72.0,2.8,0.802,4.0,0.0,6.0,2.0,15.9994,17.36
47,b4b040ce017a9a89968cc465bbf1ddab,Ti4 C3,Ti,164,82.43766939573534,0.9259259916474863,0.2447525708596685,3.097452564318356,8.030473867070228e-06,2.05014354211142,2.9992293207840275,-58.041902691278246,-0.5177763667119655,3.9911455837391423,2.1773246558778827,6.168470239617025,0.5714285714285714,9.058571428571428,11.954285714285716,8.727625714285715,57.57142857142857,2.0,0.8571428571428571,1.1428571428571428,4.0,1.7142857142857142,32.50001428571428,3.142857142857143,8.285714285714286,8.347142857142858,1.52,6.82812,4507.0,43.0,1.54,1.67,5.64,11.2603,2260.0,76.0,2.0,14.6,0.0,2.0,4.0,0.0,47.867,10.64
48,ec1e1655ccc82ac6642673faf3bd949c,Y4 N3,Y,164,75.88948957567426,1.3582965901953823,0.1870966040635824,3.468165038996879,8.2037344559067e-06,2.7277218606893,3.868847526713368,-52.91873112077656,-1.2993029998451502,4.197308717510478,2.541630481130433,6.738939198640911,0.5714285714285714,13.44285714285714,24.82375,9.781642857142856,42.0,2.0,1.2857142857142858,0.5714285714285714,3.857142857142857,1.2857142857142858,56.80621428571429,3.7142857142857135,8.142857142857142,17.162857142857142,1.21,6.2173,4472.0,12.0,1.22,1.1,14.768750000000002,14.5341,1.251,71.0,3.0,22.7,0.0,1.0,3.0,0.0,88.90585,19.88
49,ee1b9050987719adebd4089805149a83,Hf2 N1,Hf,164,97.94725693538872,0.5455076737933778,0.6872948088492248,3.1809064578368704,2.1750177122548605e-07,4.008529534792337,3.460146657003162,-24.685927675842446,-0.4404047345313404,4.564911042254317,0.4070003939186036,4.97191143617292,0.6666666666666666,11.166666666666666,19.722916666666663,9.394746666666668,57.333333333333336,2.0,1.0,1.3333333333333333,13.666666666666666,1.0,123.66223333333336,4.666666666666667,7.666666666666667,13.473333333333334,1.45,6.82507,13310.0,45.0,1.3,1.1,14.76875,14.5341,1.251,71.0,3.0,16.2,0.0,2.0,18.0,0.0,178.49,13.44
50,67c0f55d1bae3bf06a9927aea43fa606,Sc2 N1 F2,F,164,1.6997839646022352,0.3577730763887632,0.016245818921825,3.182795474746878,3.2952962320550395e-14,1.3545805246361124,1.2210402922617003,-35.766006201299106,-2.9841316417342747,3.795354306019533,0.3183638127996926,4.113718118819226,0.4,7.5628,15.73075,12.500536,58.0,2.0,2.6,0.4,5.0,1.0,28.38306608,2.8,11.0,13.188,1.27,6.56149,2985.0,11.0,1.36,0.7380000000000001,11.394583333333337,16.4599,1.5476666666666663,61.66666666666666,4.333333333333333,0.557,5.0,0.0,7.0,1.0,18.9984032,11.2
51,fdafe7d8d5a4cf642af550d5eb797174,Hf2 H2 C1 O2,H,164,446.8952148839101,0.9763674441029412,0.3436511262326183,3.287815530964712,-5.3039852802021234e-14,3.241465695556096,1.5290371210411202,-51.19940525148767,-1.4385978657004108,2.3136609675317352,1.9578267715169584,4.271487739048694,0.2857142857142857,5.286797999999999,11.64,11.334775142857142,75.0,1.7142857142857142,1.4285714285714286,0.5714285714285714,7.714285714285714,1.1428571428571428,57.57219714285714,2.857142857142857,8.0,12.81857142857143,1.45,6.82507,13310.0,45.0,1.3,0.9215172,7.415999999999999,13.1386572,452.60756,54.0,2.0,0.666793,0.0,0.0,1.0,0.0,1.00794,11.42
52,3b8bda2008f619e87f6990d3f4a7d5c3,Ti2 H2 N1 O2,H,164,43.51308719023234,1.0882937736749354,0.1474779014925864,3.059664750562857,-8.993485611754152e-06,1.3602519779139834,2.434240232406573,-50.141485696328616,-1.6445643291914902,2.180452090282712,1.739088275759297,3.9195403660420087,0.2857142857142857,4.748226571428572,11.36982142857143,11.803332285714284,75.14285714285714,1.7142857142857142,1.5714285714285714,0.5714285714285714,3.857142857142857,1.0,20.536482857142857,2.2857142857142856,8.142857142857142,13.197142857142856,1.52,6.82812,4507.0,43.0,1.54,0.8075172,9.24175,13.7934172,0.8577600000000001,53.0,2.2,0.666793,0.0,0.0,1.0,0.0,1.00794,11.42
53,99a975ce7cf876655c55bd70bcd73f1e,Ti3 C2 O2,O,187,12.507342969841597,0.5715766736086768,0.1752740362245068,3.0379900028010014,-4.603275589033511e-13,1.885730419561176,2.237338000071003,-60.01694376471455,-1.6085983727701338,6.179198301959384,-0.0085094503752593,6.170688851584125,0.4285714285714285,6.963428571428572,11.365714285714288,10.034437142857143,65.28571428571429,2.0,1.7142857142857142,0.8571428571428571,4.571428571428571,1.7142857142857142,28.517314285714285,2.857142857142857,10.285714285714286,11.031428571428572,1.5200000000000002,6.828120000000001,4507.0,43.0,1.54,1.236,7.3725,12.439175,1130.7145,71.0,3.0,0.802,4.0,0.0,6.0,2.0,15.9994,17.36
54,f66adf57a5e47700e5dbd5a2e7830e5e,Ti3 C2,Ti,187,27.72779974779541,0.6418291725472111,0.3619311858817096,3.0986955789129342,-2.740540763159536e-06,1.7012740059481717,1.6441896755991043,-40.41374589930273,-0.3811035541228832,3.988691561438556,1.1684379213249323,5.157129482763488,0.6,9.428,12.27,8.600992000000002,56.6,2.0,0.8,1.2,4.0,1.6,33.52448,3.2,8.0,8.5,1.5200000000000002,6.828120000000001,4507.0,43.0,1.54,1.67,5.64,11.2603,2260.0,76.0,2.0,14.6,0.0,2.0,4.0,0.0,47.867,10.64
55,da7ab2655c27a9bb3949a1ddba59e333,Y3 N2,Y,187,13.517782080197454,0.9390866757805144,0.294136581708196,3.48158771126654,4.516688313609868e-06,2.287784321012105,3.549941534757453,-36.245428135783065,-1.093169715273288,4.132792192713945,1.5463079305117515,5.679100123225696,0.6,14.06,25.3265,9.54402,40.0,2.0,1.2,0.6,3.8,1.2,58.94619,3.8,7.8,17.344,1.21,6.217299999999999,4472.0,12.0,1.22,1.1,14.76875,14.5341,1.251,71.0,3.0,22.7,0.0,1.0,3.0,0.0,88.90585,19.88
56,2860f670ab328e77429e9f46820502ac,Y4 C3 F2,F,164,83.63418983749584,0.8750939082315923,0.1817948215068745,3.558083524152831,0.0001366584865723,2.5043924724517304,3.122547909693601,-61.866008466783725,-1.3631267681529995,4.250736300914198,1.3250317327419103,5.575768033656109,0.4444444444444444,10.769333333333334,18.421666666666667,10.388411111111113,51.66666666666666,2.0,1.7777777777777777,0.4444444444444444,4.222222222222222,1.5555555555555556,47.73914515555556,3.333333333333333,9.77777777777778,13.087777777777776,1.21,6.2173,4472.0,12.0,1.22,1.2248,7.266999999999999,13.7253,1356.6784,68.4,3.2,0.557,5.0,0.0,7.0,1.0,18.9984032,11.2
57,2c3f77634c89506fb875b0bf591c3e46,Mn4 C3 O2,O,164,130.82407443687305,2.42341340636237,0.3930399418394489,2.920526016453177,3.896868761103343e-05,2.637361045859196,11.831889334568276,-78.89261848187851,-0.2354088415228908,6.867932369145444,0.3455525908132474,7.213484959958691,0.4444444444444444,4.9126666666666665,8.564482758622221,10.083675555555557,68.11111111111111,2.0,1.5555555555555556,2.2222222222222223,5.777777777777778,1.7777777777777777,31.97589777777778,2.888888888888889,11.333333333333334,8.887777777777778,1.61,7.43402,7470.0,52.0,1.55,1.3228,7.025999999999999,12.2034,1356.5716,72.0,2.8,0.802,4.0,0.0,6.0,2.0,15.9994,17.36
58,f55772d15fd1e8f5217b73e57aa41884,Sc4 N3 O2,O,164,23.72298061362688,0.7740792727521917,0.2405554029291514,3.225243546486764,-4.593983903121911e-06,1.9040820283644504,1.7505466732735788,-74.20034246506843,-2.2505826452293443,7.219796957042448,-0.8905982955958494,6.329198661446599,0.4444444444444444,8.456,16.828472222222224,10.787151111111111,51.55555555555556,2.0,1.8888888888888888,0.4444444444444444,4.333333333333333,1.4444444444444444,28.20472755555556,2.888888888888889,9.88888888888889,15.037777777777778,1.27,6.56149,2985.0,11.0,1.36,0.9808,12.50325,14.16768,1.3222,69.0,3.4,0.802,4.0,0.0,6.0,2.0,15.9994,17.36
59,d6b457eab48502df015b42a81f4e85cc,V4 C3,V,164,114.50279775341497,1.0468434967447422,0.3749842366804101,2.924107792018426,3.855880525055848e-05,2.442655729268969,4.303488410749512,-62.67728970201277,-0.1318076206471486,4.507212297684479,2.064472536211136,6.571684833895614,0.5714285714285714,7.801428571428572,9.85142857142857,8.680808571428573,59.285714285714285,2.0,0.8571428571428571,1.7142857142857142,4.571428571428571,1.7142857142857142,34.25687142857142,3.142857142857143,8.857142857142858,7.021428571428572,1.64,6.74619,6110.0,46.0,1.63,1.67,5.64,11.2603,2260.0,76.0,2.0,12.4,0.0,3.0,5.0,0.0,50.9415,8.32
60,41e22698b75ea3dcb701010aca939413,Zr4 N3,Zr,164,138.93180558562187,1.1068871281260717,0.2868193644739267,3.2265145829818964,5.419684639563422e-05,3.27890466793122,4.635170989858021,-63.60440683163219,-1.276421745191318,4.349677832470126,3.3564164837606545,7.706094316230781,0.5714285714285714,10.7,19.58375,10.0197,60.285714285714285,2.0,1.2857142857142858,1.1428571428571428,4.428571428571429,1.2857142857142858,58.13087142857143,3.7142857142857135,8.714285714285714,13.814285714285711,1.41,6.6339,6511.0,44.0,1.33,1.1,14.768750000000002,14.5341,1.251,71.0,3.0,17.9,0.0,2.0,4.0,0.0,91.224,14.02
61,2227f6909055c376e0a3f12bbee01a59,Sc2 C1 O2,O,164,6.104552258262847,0.4349542604249213,0.7316417830511157,3.228731947690876,-2.161459194007811e-09,1.2343326495769196,2.1115307558646395,-37.8492373690548,-1.8123401720954664,6.380235774396475,-2.2475551238199296,4.132680650576545,0.4,7.774800000000001,13.663999999999998,10.323876,54.6,2.0,2.0,0.4,4.4,1.6,26.7842648,2.8,10.4,14.002,1.27,6.56149,2985.0,11.0,1.36,1.0913333333333333,7.95,12.832133333333331,754.2860000000001,69.33333333333333,3.333333333333333,0.802,4.0,0.0,6.0,2.0,15.9994,17.36
62,48c01c4fbd692a017669ead64d5d5109,Mn2 H2 C1 O2,H,164,23.37834825881625,0.8207137947838243,0.1929758182133349,3.0154765333107,-5.6078405169052295e-14,1.55799117717321,1.5305182736985952,-50.30526306038835,-0.6792537227948066,1.5904590747202676,1.448529769569771,3.0389888442900386,0.2857142857142857,3.343940857142857,8.293596059114288,11.50876085714286,77.0,1.7142857142857142,1.4285714285714286,1.4285714285714286,4.571428571428571,1.1428571428571428,22.27163857142857,2.2857142857142856,8.857142857142858,11.078571428571427,1.61,7.43402,7470.0,52.0,1.55,0.9215172,7.415999999999999,13.1386572,452.60756,54.0,2.0,0.666793,0.0,0.0,1.0,0.0,1.00794,11.42
63,8c1cfcc2d292c5db119f1841f55697c9,Y3 H2 C2 O2,H,187,33.522496598009546,0.8610606132316138,0.5534191973155842,3.550709871477004,-8.424158874394793e-06,1.943751127739321,4.12703523602878,-59.490936973919055,-1.1199856627723213,1.8218100505894093,1.767469855274301,3.58927990586371,0.3333333333333333,8.264176222222222,15.535,10.62283177777778,60.888888888888886,1.7777777777777777,1.3333333333333333,0.3333333333333333,3.4444444444444446,1.3333333333333333,36.083736666666674,2.7777777777777777,7.888888888888889,14.197777777777778,1.21,6.217299999999999,4472.0,12.0,1.22,1.0462643333333332,7.12,12.825597666666669,753.8396333333334,57.66666666666666,2.0,0.666793,0.0,0.0,1.0,0.0,1.00794,11.42
64,c349a9edef30205dfe772061ff9bd4e5,V3 C2 O2,O,187,52.58109731475685,0.6445984004966024,0.1879538182489228,2.9237297455296463,1.6515504011185188e-05,2.1533599772009167,4.62854796058819,-62.0107200936035,-1.1072983947698165,6.393951362129208,0.1125079342000349,6.5064592963292425,0.4285714285714285,6.020571428571429,9.78857142857143,9.999324285714286,66.57142857142857,2.0,1.7142857142857142,1.2857142857142858,5.0,1.7142857142857142,29.834957142857142,2.857142857142857,10.714285714285714,10.037142857142856,1.64,6.746190000000001,6110.0,46.0,1.63,1.236,7.3725,12.439175,1130.7145,71.0,3.0,0.802,4.0,0.0,6.0,2.0,15.9994,17.36
65,fc9c743b9b35aee4c6b847baa549553b,Zr3 N2,Zr,187,230.9489517098912,1.1497918993313827,0.5060645708358833,3.1868964767136494,1.5624504538026983e-05,2.799832587837904,3.4995002851120725,-43.77428606548152,-0.972064627198111,4.325110137970604,2.171802446898333,6.496912584868936,0.6,11.18,19.8245,9.79398,59.2,2.0,1.2,1.2,4.4,1.2,60.33708,3.8,8.4,13.828,1.41,6.6339,6511.0,44.0,1.33,1.1,14.76875,14.5341,1.251,71.0,3.0,17.9,0.0,2.0,4.0,0.0,91.224,14.02
66,dfc59c3a743d1d8e289d9abc212d6b03,Zr4 C3 F2,F,164,101.26759926429249,0.7915027299341696,0.0048884040196732,3.332937502060172,-3.595614740054306e-05,2.9820613531181173,1.3660456546603688,-75.89928181852531,-1.717285530187346,3.517836870702681,3.196762787564756,6.714599658267437,0.4444444444444444,8.636000000000001,14.346111111111112,10.573566666666668,65.88888888888889,2.0,1.7777777777777777,0.8888888888888888,4.666666666666667,1.5555555555555556,48.76943404444445,3.333333333333333,10.22222222222222,10.483333333333333,1.41,6.6339,6511.0,44.0,1.33,1.2248,7.266999999999999,13.7253,1356.6784,68.4,3.2,0.557,5.0,0.0,7.0,1.0,18.9984032,11.2
67,17e70a38352a98e4365aa422975eb679,Sc2 C1 F2,F,164,3.912376684938006,0.3591221916158413,0.0,3.2667331447592187,3.840863117343511e-14,1.2693529523008868,0.0,-34.41865444136493,-2.541265343704405,4.512363454599634,-0.7055584901765217,3.806804964423112,0.4,7.6768,13.905,11.845776,57.0,2.0,2.4,0.4,4.8,1.2,27.983866079999995,2.8,10.8,11.538,1.27,6.56149,2985.0,11.0,1.36,0.928,8.351666666666667,15.368633333333332,754.4639999999999,63.333333333333336,4.0,0.557,5.0,0.0,7.0,1.0,18.9984032,11.2
68,6a1bd8cb6e64f37a698649211a939d1a,Ta2 C1 O2,O,164,22.78577541538507,0.3869872550393283,0.1133812844010391,3.1331283803097048,-4.4411014240657724e-14,4.03468700548352,0.887610737123258,-47.93028753807212,-1.7658600256848245,5.513044774096383,0.137437194808422,5.650481968904805,0.4,5.894799999999999,12.018,10.719108,69.4,2.0,2.0,1.2,10.8,1.6,81.181052,3.6,11.2,12.342,1.63,7.54957,16650.0,48.0,1.5,1.0913333333333333,7.95,12.832133333333331,754.2860000000001,69.33333333333333,3.333333333333333,0.802,4.0,0.0,6.0,2.0,15.9994,17.36
69,3f8a15a89220353c166cb79cb3dbe5b5,Ti2 N1 F2,F,164,38.276244089503535,0.3567451305111491,0.0001462372411418,3.047491518301279,-2.868024575661374e-06,1.547491226943901,1.2111063360435452,-37.71361649723833,-2.5616579706941245,4.453072916616971,0.1180963596795633,4.571169276296534,0.4,6.2828,13.51275,12.607188,70.8,2.0,2.6,0.8,5.4,1.0,29.547501279999995,2.8,11.4,11.444,1.52,6.82812,4507.0,43.0,1.54,0.7380000000000001,11.394583333333337,16.4599,1.5476666666666663,61.66666666666666,4.333333333333333,0.557,5.0,0.0,7.0,1.0,18.9984032,11.2
70,6b481f5fcd74908832140cf29cc00e8e,Zr3 H2 C2 O2,H,187,34.81076213469848,1.2967832953085814,0.2274800163979076,3.3315321543000382,-4.705416778031377e-06,2.315721465520505,1.7953282393182377,-69.86082564408092,-1.3683751405598248,2.110781818896609,2.938301118313874,5.049082937210483,0.3333333333333333,6.6641762222222205,12.478333333333335,10.761698444444445,71.55555555555556,1.7777777777777777,1.3333333333333333,0.6666666666666666,3.7777777777777777,1.3333333333333333,36.85645333333333,2.7777777777777777,8.222222222222221,12.244444444444444,1.41,6.6339,6511.0,44.0,1.33,1.0462643333333332,7.12,12.825597666666669,753.8396333333334,57.66666666666666,2.0,0.666793,0.0,0.0,1.0,0.0,1.00794,11.42
71,b56631dca4fafd2eca4b6e6c4f6b44b4,Hf3 N2 O2,O,187,11.086937918386704,0.5643492076079812,0.0878734301105659,3.213334044869885,-8.675107743122055e-15,4.949138098501508,0.0,-66.17389694241594,-2.386006234778641,4.3767196730182985,2.397366633085498,6.774086306103797,0.4285714285714285,7.486285714285714,16.33535714285714,10.968501428571429,67.57142857142857,2.0,2.0,0.8571428571428571,10.857142857142858,1.4285714285714286,85.06888571428571,3.7142857142857135,10.571428571428571,14.588571428571427,1.45,6.82507,13310.0,45.0,1.3,0.951,11.936875,14.076075,1.34,68.5,3.5,0.802,4.0,0.0,6.0,2.0,15.9994,17.36
72,b0799af089d80b5b170e96391b86d943,Cr4 N3 F2,F,164,16.7668490736628,2.86273879262625,0.0263739433949201,3.008872046400869,-1.3449834721123286e-05,2.577833690632569,2.411606048345689,-75.6780044292377,-1.090314398747378,5.1891669035875285,1.7558980635893486,6.945064967176877,0.4444444444444444,5.645999999999999,12.05347222222222,11.72377111111111,69.77777777777777,1.5555555555555556,2.111111111111111,2.2222222222222223,5.888888888888889,1.2222222222222223,32.00014515555555,2.888888888888889,11.444444444444445,10.215555555555556,1.73,6.76651,7140.0,49.0,1.66,0.8828000000000001,12.74425,15.68958,1.4289999999999998,65.4,3.8,0.557,5.0,0.0,7.0,1.0,18.9984032,11.2
73,69cfe93d02a5098fdcace623ce8e310c,Nb4 C3 O2,O,164,130.72956246957614,0.7986967963525001,0.0772522712104648,3.1444400772247434,-8.44733217589208e-06,3.440980701829353,2.907218962133551,-90.12020427301492,-1.2119521715413697,5.589751957323603,2.7092222088387348,8.298974166162338,0.4444444444444444,7.712666666666667,11.983333333333333,9.7836,65.88888888888889,1.5555555555555556,1.5555555555555556,1.7777777777777777,4.888888888888889,1.7777777777777777,48.85071333333334,3.333333333333333,10.444444444444445,10.434444444444445,1.64,6.75885,8570.0,47.0,1.6,1.3228,7.025999999999999,12.2034,1356.5716,72.0,2.8,0.802,4.0,0.0,6.0,2.0,15.9994,17.36
74,cbf3510b315ff83e23ed644f87f80840,Ti4 N3 O2,O,164,112.954865007908,0.7295285496780142,0.0,3.002951611407973,-6.195957949081774e-05,2.3240017781828146,5.43962680254017,-81.21384453063881,-2.127643174483837,5.659371354327787,1.9548450720301795,7.614216426357967,0.4444444444444444,7.033777777777777,14.364027777777778,10.905653333333332,65.77777777777777,2.0,1.8888888888888888,0.8888888888888888,4.777777777777778,1.4444444444444444,29.498544444444445,2.888888888888889,10.333333333333334,13.1,1.52,6.82812,4507.0,43.0,1.54,0.9808,12.50325,14.16768,1.3222,69.0,3.4,0.802,4.0,0.0,6.0,2.0,15.9994,17.36
75,5ca89eb8667af4a2b4c494e28f8c2991,Y4 C3,Y,164,273.4328959651318,1.8201698813369285,0.1873413620460069,3.636486148574885,2.1424077579783387e-05,2.43588568965186,3.6455165405068537,-47.51857259571091,-0.1562890404578425,3.061513974973404,2.13861870392559,5.200132678898994,0.5714285714285714,13.687142857142858,20.91142857142857,8.378585714285714,39.85714285714285,2.0,0.8571428571428571,0.5714285714285714,3.4285714285714284,1.7142857142857142,55.95078571428572,3.7142857142857135,7.714285714285714,13.627142857142855,1.21,6.2173,4472.0,12.0,1.22,1.67,5.64,11.2603,2260.0,76.0,2.0,22.7,0.0,1.0,3.0,0.0,88.90585,19.88
76,ff648aafe9759c54c7e46a893dc2a209,Ti2 C1 O2,O,164,9.23445910369722,0.387911245159396,0.1118556503858325,3.0321354409312224,4.470853246003845e-14,1.5002947324553757,0.0,-43.15281490777229,-2.06105994961097,5.704330200004296,-0.9058249491012133,4.798505250903083,0.4,6.4948,11.446000000000002,10.430528,67.4,2.0,2.0,0.8,4.8,1.6,27.948699999999995,2.8,10.8,12.258,1.52,6.82812,4507.0,43.0,1.54,1.0913333333333333,7.95,12.832133333333331,754.2860000000001,69.33333333333333,3.333333333333333,0.802,4.0,0.0,6.0,2.0,15.9994,17.36
77,1c1982e7814f370c65665b82ba072f20,W2 N1 F2,F,164,17.140217322931118,0.5314529963548019,0.4471905970801748,2.770285735660128,3.222911525832654e-06,4.9647349120176125,1.7113000390683222,-39.13257960457828,-0.9272627581796442,5.183388341521617,1.3930773974154167,6.576465738937034,0.4,4.8828000000000005,13.25675,13.021552,74.0,2.0,2.6,1.6,11.8,1.0,83.93670128000001,3.6,12.2,10.976,1.81,7.86403,19250.0,51.0,2.36,0.7380000000000001,11.394583333333337,16.4599,1.5476666666666663,61.66666666666666,4.333333333333333,0.557,5.0,0.0,7.0,1.0,18.9984032,11.2
78,3f8631e589c703bc4c4d43fb40a46918,Y2 H2 N1 O2,H,164,3.330454422141673,1.0442254570800096,0.3221152712977317,3.484290186986323,-2.1949244765495266e-05,1.6077463708282929,2.0646437975532623,-47.49986792912125,-1.838113134718187,2.037286306493703,1.6801983890261112,3.717484695519814,0.2857142857142857,7.062512285714285,15.84839285714286,11.628812285714286,66.28571428571429,1.7142857142857142,1.5714285714285714,0.2857142857142857,3.571428571428572,1.0,32.26186857142857,2.571428571428572,7.857142857142857,15.837142857142856,1.21,6.2173,4472.0,12.0,1.22,0.8075172,9.24175,13.7934172,0.8577600000000001,53.0,2.2,0.666793,0.0,0.0,1.0,0.0,1.00794,11.42
79,c19b5b4baba12a218f0f181027df60d4,H2 W3 N2 O2,H,187,35.65259858956004,1.9838056429838828,0.4217285869399273,2.836620911511201,2.768924155689587e-06,5.687189597606132,2.7950085532125297,-71.75281443275989,-0.4105122245013525,2.868638217362121,4.491470958887644,7.360109176249765,0.3333333333333333,4.270842888888889,12.12527777777778,11.899252888888888,75.0,1.7777777777777777,1.5555555555555556,1.3333333333333333,9.333333333333334,1.1111111111111112,68.1720088888889,3.111111111111111,9.11111111111111,12.561111111111112,1.81,7.86403,19250.0,51.0,2.36,0.8562643333333334,10.162916666666668,13.916864333333333,0.9233,56.0,2.333333333333333,0.666793,0.0,0.0,1.0,0.0,1.00794,11.42
80,77f5cd34fc3ea340944b5b6425fceee3,Ti3 C2 F2,F,187,43.3667960379769,0.5356198501065514,0.002975813087765,3.0695898871037586,3.738544217610426e-06,1.8813663212875955,0.8595216669529909,-54.70447092677423,-1.8604177938835973,4.57505836324792,1.140055917010128,5.715114280258048,0.4285714285714285,6.893428571428571,11.537857142857144,11.121508571428572,67.0,2.0,2.0,0.8571428571428571,4.857142857142857,1.4285714285714286,29.374172342857143,2.857142857142857,10.571428571428571,9.271428571428572,1.5200000000000002,6.828120000000001,4507.0,43.0,1.54,1.1135,7.67375,14.34155,1130.848,66.5,3.5,0.557,5.0,0.0,7.0,1.0,18.9984032,11.2
81,5f6c0cfea720ca0541caae12f7a42ff8,Y3 C2 O2,O,187,6.318301105487483,0.5968136238533879,0.3643254071578952,3.782700829790172,-1.628961465495092e-14,2.036693310292091,2.993861252894648,-53.748400944762935,-1.5694764140400974,2.6831227470261645,1.7720726059968392,4.455195353023004,0.4285714285714285,10.434857142857142,18.083571428571428,9.772657142857144,52.0,2.0,1.7142857142857142,0.4285714285714285,4.142857142857143,1.7142857142857142,46.10539285714287,3.2857142857142856,9.857142857142858,14.991428571428573,1.21,6.217299999999999,4472.0,12.0,1.22,1.236,7.3725,12.439175,1130.7145,71.0,3.0,0.802,4.0,0.0,6.0,2.0,15.9994,17.36
82,a82d3e797cc1f199673e6272f3c46fba,Y3 C2,Y,187,9.900490782960546,0.9985173198415948,0.1989546473947512,3.614789856240817,-5.485442492849499e-06,2.0845014159271087,3.808765265542733,-33.21455434400085,-0.1402030648307786,3.525789919897305,1.3948145698096626,4.920604489706968,0.6,14.288,21.675,8.2345,38.0,2.0,0.8,0.6,3.4,1.6,58.14779000000001,3.8,7.4,14.044,1.21,6.217299999999999,4472.0,12.0,1.22,1.67,5.64,11.2603,2260.0,76.0,2.0,22.7,0.0,1.0,3.0,0.0,88.90585,19.88
83,112f4af761593f23ddcded728770d212,Sc4 C3 O2,O,164,332.6426209157044,0.9169310099526928,0.5316143762428409,3.277744176077773,-1.4233545205790468e-05,1.7672991980021775,9.96297527552888,-66.37837157182264,-1.092481524796978,6.300288382272848,-0.2901011770597189,6.010187205213129,0.4444444444444444,8.646,13.785555555555554,9.695884444444443,49.888888888888886,2.0,1.5555555555555556,0.4444444444444444,4.0,1.7777777777777777,27.53939422222222,2.888888888888889,9.555555555555555,12.287777777777778,1.27,6.56149,2985.0,11.0,1.36,1.3228,7.025999999999999,12.2034,1356.5716,72.0,2.8,0.802,4.0,0.0,6.0,2.0,15.9994,17.36
84,a62671e0212c2dbd6f7b527a14038b8c,Zr4 C3,Zr,164,72.68919029910728,1.133803609829604,0.1968168610615472,3.340893801731682,1.2528787012868267e-05,3.015895408507566,2.3596183141525966,-61.14626416874496,-0.5536957661152135,3.93056389625996,2.878769250545386,6.809333146805346,0.5714285714285714,10.944285714285714,15.671428571428573,8.616642857142859,58.142857142857146,2.0,0.8571428571428571,1.1428571428571428,4.0,1.7142857142857142,57.27544285714286,3.7142857142857135,8.285714285714286,10.278571428571428,1.41,6.6339,6511.0,44.0,1.33,1.67,5.64,11.2603,2260.0,76.0,2.0,17.9,0.0,2.0,4.0,0.0,91.224,14.02
85,bc08d7a9c4c99b8f668d4eeea39a0928,Sc2 C1,Sc,164,65.32002844982696,0.5423813308753704,0.3836498120309054,3.314080140060022,-6.550846268115519e-14,1.0207937719922144,3.836188062883533,-18.721369827347164,-0.0607867818016624,4.090433556878117,-0.508125058967234,3.5823084979108826,0.6666666666666666,12.423333333333334,16.703333333333333,8.12776,33.0,2.0,0.6666666666666666,0.6666666666666666,3.333333333333333,1.3333333333333333,33.97417466666666,3.333333333333333,6.666666666666667,11.763333333333334,1.27,6.56149,2985.0,11.0,1.36,1.67,5.64,11.2603,2260.0,76.0,2.0,17.8,0.0,1.0,3.0,0.0,44.955912,15.0
86,86887ad9714ebe005f72e99bcae103f5,Sc2 N1,Sc,164,85.30486421448036,1.237224152675817,0.4872779176252776,3.178543123616933,3.673181237796946e-07,1.1286538842745346,3.402448469315797,-20.09797629193691,-0.8086488467366332,4.325958896489246,-0.3953763737806425,3.930582522708604,0.6666666666666666,12.233333333333334,19.74625,9.219026666666666,34.666666666666664,2.0,1.0,0.6666666666666666,3.6666666666666665,1.0,34.639508,3.333333333333333,7.0,14.513333333333334,1.27,6.56149,2985.0,11.0,1.36,1.1,14.76875,14.5341,1.251,71.0,3.0,17.8,0.0,1.0,3.0,0.0,44.955912,15.0
87,f823cbc40b77dc343337d002b6ce6e8f,Ti2 C1 F2,F,164,1629.2321647625938,0.3647297449572526,0.0,3.048233767865933,-5.793219145859389e-14,1.5199908836599894,2.7009905358990607,-37.14314477528574,-2.274167680260574,4.793767078325844,-0.2683288822592157,4.525438196066629,0.4,6.3968,11.687,11.952428,69.8,2.0,2.4,0.8,5.2,1.2,29.14830128,2.8,11.2,9.794,1.52,6.82812,4507.0,43.0,1.54,0.928,8.351666666666667,15.368633333333332,754.4639999999999,63.333333333333336,4.0,0.557,5.0,0.0,7.0,1.0,18.9984032,11.2
88,18b0977ac3521747e967876fbe705c0c,V2 C1 O2,O,164,26.357536074616,0.4027360898970834,0.1850702794337408,2.906522062160825,1.3610201278105445e-06,1.7054778506941608,1.4722794085234632,-43.7009186683244,-1.4369638784025682,6.645999950676999,-1.5329864372204431,5.113013513456556,0.4,5.6148,9.974,10.397756,68.6,2.0,2.0,1.2,5.2,1.6,29.1785,2.8,11.2,11.33,1.64,6.74619,6110.0,46.0,1.63,1.0913333333333333,7.95,12.832133333333331,754.2860000000001,69.33333333333333,3.333333333333333,0.802,4.0,0.0,6.0,2.0,15.9994,17.36
89,24488b016780bb05a0d15427382fbc3b,Y2 N1 F2,F,164,1.6837760031158917,0.3938504433665548,8.648039961434151e-05,3.445789029759092,-1.3330925158357996e-14,1.8421775473185344,1.0681522724872856,-35.50482927687227,-2.9191924077997617,3.152526088164402,1.1010210381588097,4.253547126323212,0.4,9.5228,19.78275,12.36286,58.4,2.0,2.6,0.4,5.0,1.0,45.96304128,3.2,11.0,15.139999999999995,1.21,6.2173,4472.0,12.0,1.22,0.7380000000000001,11.394583333333337,16.4599,1.5476666666666663,61.66666666666666,4.333333333333333,0.557,5.0,0.0,7.0,1.0,18.9984032,11.2
90,40e44b439eba20fa862a3e4456ebf128,Zr2 N1 O2,O,164,4.457051972229371,0.4127422243084782,0.2038672401518,3.25228318900748,-8.437974009948794e-14,2.108724737714316,2.048570791734297,-46.48563249596849,-2.615726845128846,4.723648094511465,0.4541747846314988,5.177822879142964,0.4,7.700799999999999,15.87375,11.0076,68.8,2.0,2.2,0.8,5.0,1.4,45.6907,3.2,11.0,15.26,1.41,6.6339,6511.0,44.0,1.33,0.9013333333333334,10.992916666666668,13.9234,1.3696666666666666,67.66666666666667,3.6666666666666665,0.802,4.0,0.0,6.0,2.0,15.9994,17.36
91,674ee98be968441cfe8a8b7ea8645ef8,Sc2 H2 C1 O2,H,164,5.758102352207926,0.5340132258146933,0.3958499693287096,3.3000633005736195,2.7798413477779375e-13,1.0916965835928918,0.0,-46.33643083373828,-1.5571277660964142,1.3204888450942618,1.2412062940503024,2.561695139144564,0.2857142857142857,5.743940857142857,11.65,11.259466571428572,65.28571428571429,1.7142857142857142,1.4285714285714286,0.2857142857142857,3.4285714285714284,1.1428571428571428,19.41960057142857,2.2857142857142856,7.714285714285714,13.264285714285714,1.27,6.56149,2985.0,11.0,1.36,0.9215172,7.415999999999999,13.1386572,452.60756,54.0,2.0,0.666793,0.0,0.0,1.0,0.0,1.00794,11.42
92,fb681745e6398d80c095df56e2704e2f,Zr2 H2 N1 O2,H,164,90.3461129838252,0.99667249201752,0.3485318364742118,3.2745156511470146,-7.674211960122952e-06,1.871243504409904,2.8219306963950537,-51.71424580389392,-1.6654639387262498,2.355586845945115,2.014473265353249,4.370060111298364,0.2857142857142857,5.691083714285713,13.22839285714286,11.747840857142856,75.42857142857143,1.7142857142857142,1.5714285714285714,0.5714285714285714,3.857142857142857,1.0,32.924197142857146,2.571428571428572,8.142857142857142,14.162857142857144,1.41,6.6339,6511.0,44.0,1.33,0.8075172,9.24175,13.7934172,0.8577600000000001,53.0,2.2,0.666793,0.0,0.0,1.0,0.0,1.00794,11.42
93,20a7ebd2339de54ff218d3fbd70d0850,Y3 H2 N2 O2,H,187,3.709716956901135,1.211346025281446,0.240291624093516,3.473491654990245,4.406395091458911e-05,2.0860725491026573,2.4289560614712493,-64.10434651626132,-1.8252488853026103,1.8213635363428933,2.618546140816054,4.439909677158948,0.3333333333333333,8.137509555555555,17.56361111111111,11.350342888888887,62.0,1.7777777777777777,1.5555555555555556,0.3333333333333333,3.6666666666666665,1.1111111111111112,36.52729222222222,2.7777777777777777,8.11111111111111,16.031111111111112,1.21,6.217299999999999,4472.0,12.0,1.22,0.8562643333333334,10.162916666666668,13.916864333333333,0.9233,56.0,2.333333333333333,0.666793,0.0,0.0,1.0,0.0,1.00794,11.42
94,fda8028303b77b10f98f1a5676e88eef,Zr3 C2 O2,O,187,11.84778028064576,0.6155661959817851,0.2108619842164258,3.2964150426868164,3.862432839292599e-13,2.5971291838939887,0.0,-63.46873643611632,-1.7960410027942462,5.436820618992094,0.8298067735005791,6.266627392492673,0.4285714285714285,8.377714285714285,14.15357142857143,9.9512,65.71428571428571,2.0,1.7142857142857142,0.8571428571428571,4.571428571428571,1.7142857142857142,47.098885714285714,3.2857142857142856,10.285714285714286,12.48,1.41,6.6339,6511.0,44.0,1.33,1.236,7.3725,12.439175,1130.7145,71.0,3.0,0.802,4.0,0.0,6.0,2.0,15.9994,17.36
95,95bc941f37ede73459ce1fad8c4bbfd3,Zr3 C2,Zr,187,26.300887071572006,0.7343850303847691,0.2831624581559169,3.3366050154094093,1.4638682993260702e-06,2.5476522039036182,1.7253730295578888,-42.73450235929993,-0.4173159938757266,3.9246298902372256,1.8537283159813995,5.778358206218625,0.6,11.407999999999998,16.173000000000002,8.48446,57.2,2.0,0.8,1.2,4.0,1.6,59.53868,3.8,8.0,10.528,1.41,6.6339,6511.0,44.0,1.33,1.67,5.64,11.2603,2260.0,76.0,2.0,17.9,0.0,2.0,4.0,0.0,91.224,14.02
96,531337c9823c0fce188929849508c355,Mo4 N3 F2,F,164,31.76135123330341,0.7421522669129701,0.2102505137697847,3.223441240722012,4.965608597089625e-05,3.5392412047937025,1.5270301187036806,-80.36885143180089,-0.8143606810919013,4.650670221445896,3.0507153654678607,7.701385586913757,0.4444444444444444,6.179333333333333,14.05347222222222,11.868624444444444,70.22222222222223,1.5555555555555556,2.111111111111111,2.2222222222222223,5.888888888888889,1.2222222222222223,51.53076737777778,3.333333333333333,11.444444444444445,11.17111111111111,1.77,7.09243,10280.0,50.0,2.16,0.8828000000000001,12.74425,15.68958,1.4289999999999998,65.4,3.8,0.557,5.0,0.0,7.0,1.0,18.9984032,11.2
97,2b953c0b133cb5e72d986811c48b469b,Ta4 C3 O2,O,164,168.8946306602286,0.7548679653052934,0.0630141888798145,3.147889313043361,-3.356460619055318e-05,6.175809000068625,4.33318177172771,-88.414734418665,-1.2490883075415695,5.298553609779447,3.1727929903712773,8.471346600150724,0.4444444444444444,6.5571111111111104,11.956666666666669,10.135031111111113,66.33333333333333,2.0,1.5555555555555556,1.3333333333333333,11.11111111111111,1.7777777777777777,87.98026888888889,3.7777777777777777,10.444444444444445,10.443333333333332,1.63,7.54957,16650.0,48.0,1.5,1.3228,7.025999999999999,12.2034,1356.5716,72.0,2.8,0.802,4.0,0.0,6.0,2.0,15.9994,17.36
98,4b9dc2627f94c41eb3ba1b3e1d1e434b,Cr4 N3,Cr,164,227.65614351934192,3.5269319066007667,0.2904938862420569,3.032594015777702,1.3590752870198848e-05,2.430844847896046,2.86884469087038,-63.545567168591184,-0.1219586527115146,4.072883608656541,2.082165951499652,6.1550495601561925,0.5714285714285714,7.1,12.72375,10.095477142857144,63.142857142857146,1.4285714285714286,1.2857142857142858,2.857142857142857,5.571428571428571,1.2857142857142858,35.71492857142857,3.142857142857143,9.857142857142858,9.934285714285712,1.73,6.76651,7140.0,49.0,1.66,1.1,14.768750000000002,14.5341,1.251,71.0,3.0,11.6,0.0,5.0,6.0,0.0,51.9961,7.23
99,d8897a306c04f9f4ab9da4fcd113e617,V2 C1 F2,F,164,27.189023986958915,0.3535275999226669,0.0792961304192649,2.986221950048123,-2.655893419123977e-07,1.665878907227333,1.9396620322958296,-38.05904912281736,-1.7236317264480738,5.372256821363932,-0.7912359033507724,4.581020918013159,0.4,5.5168,10.215,11.919656,71.0,2.0,2.4,1.2,5.6,1.2,30.37810128,2.8,11.6,8.866,1.64,6.74619,6110.0,46.0,1.63,0.928,8.351666666666667,15.368633333333332,754.4639999999999,63.333333333333336,4.0,0.557,5.0,0.0,7.0,1.0,18.9984032,11.2
100,7dfe3d72742fb28eb29cc3e71f1cd1ec,Zr2 N1 F2,F,164,22.880624815722246,0.3880613890776705,0.0815618922909626,3.2744668686320253,-2.328258191058681e-11,2.0886542144417817,0.9770648124303764,-39.289767194852985,-2.591595542052658,3.5106742210392547,1.25355351871776,4.764227739757015,0.4,7.602799999999999,16.114749999999997,12.5295,71.2,2.0,2.6,0.8,5.4,1.0,46.89030128,3.2,11.4,12.796,1.41,6.6339,6511.0,44.0,1.33,0.7380000000000001,11.394583333333337,16.4599,1.5476666666666663,61.66666666666666,4.333333333333333,0.557,5.0,0.0,7.0,1.0,18.9984032,11.2
101,241767852661602ca7aa5c2cfd1d0a9e,Sc3 N2 O2,O,187,4.32284214721611,0.5732420596604023,0.3662769194893487,3.2523260213801124,1.3444353295558165e-07,1.6150913980511967,2.08602338322703,-56.90135142209861,-2.2812176719878985,6.403485862247113,-1.1124408655720155,5.2910449966750965,0.4285714285714285,8.172,16.350357142857145,10.855538571428571,53.0,2.0,2.0,0.4285714285714285,4.428571428571429,1.4285714285714286,27.83999085714285,2.857142857142857,10.142857142857142,15.257142857142856,1.27,6.56149,2985.0,11.0,1.36,0.951,11.936875,14.076075,1.34,68.5,3.5,0.802,4.0,0.0,6.0,2.0,15.9994,17.36
102,733cb7c460feb89a51b0afdf34676c12,Cr4 C3 F2,F,164,78.92081587156045,3.3076223253830466,0.2099213868308902,2.9945724358512567,7.23633184016803e-07,2.4931813143128125,6.444662520210436,-74.31082343855883,-0.6494121563780008,6.139911745484193,0.7945765101183121,6.934488255602505,0.4444444444444444,5.835999999999999,9.010555555555555,10.632504444444445,68.11111111111111,1.5555555555555556,1.7777777777777777,2.2222222222222223,5.555555555555555,1.5555555555555556,31.334811822222225,2.888888888888889,11.11111111111111,7.4655555555555555,1.73,6.76651,7140.0,49.0,1.66,1.2248,7.266999999999999,13.7253,1356.6784,68.4,3.2,0.557,5.0,0.0,7.0,1.0,18.9984032,11.2
103,470f6c59f9a6ca305968e79d4e68757d,Ti4 C3 O2,O,164,32.798660348433806,0.7834928322016486,0.0661219928403222,3.0432414625685724,-9.355936382137102e-05,2.1992800806811377,1.2767705629138466,-78.18053294130783,-1.5016153100420064,5.976988981514201,1.1815939628143852,7.158582944328586,0.4444444444444444,7.223777777777777,11.321111111111112,9.814386666666667,64.11111111111111,2.0,1.5555555555555556,0.8888888888888888,4.444444444444445,1.7777777777777777,28.833211111111112,2.888888888888889,10.0,10.35,1.52,6.82812,4507.0,43.0,1.54,1.3228,7.025999999999999,12.2034,1356.5716,72.0,2.8,0.802,4.0,0.0,6.0,2.0,15.9994,17.36
104,de5bc4aa2e4b093e226eebe2c79d9b01,Y4 N3 O2,O,164,29.187817007892928,0.8495352564310008,0.2349351712029226,3.512433107430019,-0.0001203912529418,2.6546463920379635,2.462551360966194,-73.41597350590976,-2.1493151508237736,6.168787500505061,0.1468247278909398,6.3156122283960014,0.4444444444444444,10.633777777777777,21.330694444444447,10.634177777777776,52.0,2.0,1.8888888888888888,0.4444444444444444,4.333333333333333,1.4444444444444444,47.73803333333333,3.333333333333333,9.88888888888889,17.206666666666663,1.21,6.2173,4472.0,12.0,1.22,0.9808,12.50325,14.16768,1.3222,69.0,3.4,0.802,4.0,0.0,6.0,2.0,15.9994,17.36
105,b54d75b515402387f6110185d57b4c02,Hf4 N3,Hf,164,133.3733523387352,0.9485574029779388,0.2652111990399268,3.1911194157040903,-7.851972554818399e-06,6.225875871449565,4.385585521140771,-63.37475656955748,-1.1846882138779429,4.48546540153904,3.52801957721257,8.01348497875161,0.5714285714285714,9.728571428571428,19.01517857142857,10.12894,60.85714285714285,2.0,1.2857142857142858,1.1428571428571428,12.428571428571429,1.2857142857142858,107.99715714285716,4.285714285714286,8.714285714285714,13.482857142857142,1.45,6.82507,13310.0,45.0,1.3,1.1,14.768750000000002,14.5341,1.251,71.0,3.0,16.2,0.0,2.0,18.0,0.0,178.49,13.44
106,fb00f73ae6e77f4884393b788d642b19,Y2 C1 O2,O,164,21.51436002302756,0.4345362195584527,0.7622103792753578,3.5642186776124016,1.000930203702819e-10,1.672021271850039,1.6812619382162357,-37.81256267797549,-1.792301384830458,5.251423486525017,-1.2235714989836897,4.027851987541327,0.4,9.7348,17.716,10.1862,55.0,2.0,2.0,0.4,4.4,1.6,44.36424,3.2,10.4,15.954,1.21,6.2173,4472.0,12.0,1.22,1.0913333333333333,7.95,12.832133333333331,754.2860000000001,69.33333333333333,3.333333333333333,0.802,4.0,0.0,6.0,2.0,15.9994,17.36
107,7554d98a653fb847efce266c97b00a2e,Hf2 N1 O2,O,164,3.218048601001496,0.3896071712748644,0.2028308598379893,3.2297665374602644,-8.452976319782866e-14,3.769113560593333,1.5058796214402437,-46.53314522377653,-2.583980944978562,4.6361546614988605,0.6591832691543904,5.29533793065325,0.4,7.0208,15.47575,11.084068,69.2,2.0,2.2,0.8,10.6,1.4,80.59710000000001,3.6,11.0,15.028,1.45,6.82507,13310.0,45.0,1.3,0.9013333333333334,10.992916666666668,13.9234,1.3696666666666666,67.66666666666667,3.6666666666666665,0.802,4.0,0.0,6.0,2.0,15.9994,17.36
108,7df6afc0cbed2d2f8086871d032ea544,Ti2 H2 C1 O2,H,164,88.4835801182045,0.9030904843264412,0.1615964642856846,3.0724735013353808,-4.3799280383635143e-13,1.3234477894869026,2.4245814545565523,-49.50632229425571,-1.4299724531503375,1.9031213921464727,1.7044210111074412,3.607542403253914,0.2857142857142857,4.829655142857142,10.065714285714288,11.33564657142857,74.42857142857143,1.7142857142857142,1.4285714285714286,0.5714285714285714,3.7142857142857135,1.1428571428571428,20.25134,2.2857142857142856,8.0,12.018571428571429,1.52,6.82812,4507.0,43.0,1.54,0.9215172,7.415999999999999,13.1386572,452.60756,54.0,2.0,0.666793,0.0,0.0,1.0,0.0,1.00794,11.42
109,84d5532e210965edb9dae211e487f231,Cr3 H2 C2 O2,H,187,91.67557212618314,3.08287807768981,0.2894810029317685,3.010505936754112,-4.090482050630562e-06,1.9186552387490028,10.71854865067317,-68.24399893287979,-0.5201942295110074,1.571551640851471,2.508796581938385,4.080348222789856,0.3333333333333333,4.564176222222222,8.476666666666667,10.80590177777778,73.22222222222223,1.4444444444444444,1.3333333333333333,1.6666666666666667,4.444444444444445,1.3333333333333333,23.780486666666665,2.4444444444444446,8.88888888888889,9.981111111111112,1.7299999999999998,6.76651,7140.0,49.0,1.66,1.0462643333333332,7.12,12.825597666666669,753.8396333333334,57.66666666666666,2.0,0.666793,0.0,0.0,1.0,0.0,1.00794,11.42
110,8e58a65f6520745a5e439bb814e6139d,Y3 C2 F2,F,187,31.690776269466177,0.6358290960961589,0.1689848528430597,3.527563041982035,7.011890288836848e-08,2.1744800803275504,3.5299857571197624,-47.69863334138584,-1.7159680115197358,4.4473714065738,0.4981874210788687,4.945558827652668,0.4285714285714285,10.364857142857144,18.255714285714284,10.859728571428573,53.71428571428572,2.0,2.0,0.4285714285714285,4.428571428571429,1.4285714285714286,46.96225091428572,3.2857142857142856,10.142857142857142,13.231428571428571,1.21,6.217299999999999,4472.0,12.0,1.22,1.1135,7.67375,14.34155,1130.848,66.5,3.5,0.557,5.0,0.0,7.0,1.0,18.9984032,11.2
111,338f37e95d36f563173eafe84daf4449,Hf3 N2,Hf,187,89.05136358270504,1.4491944078346335,0.4754302535197895,3.150051400285113,-1.0998141167747004e-05,5.344506537677625,7.682855587511355,-43.6123722650146,-0.8778091985368889,4.482583169147048,2.246555779524915,6.729138948671963,0.6,10.16,19.2275,9.908682,59.8,2.0,1.2,1.2,12.8,1.2,112.69668,4.4,8.4,13.48,1.45,6.82507,13310.0,45.0,1.3,1.1,14.76875,14.5341,1.251,71.0,3.0,16.2,0.0,2.0,18.0,0.0,178.49,13.44
112,fc600cf48174b330734acf084744d46b,Hf4 C3 F2,F,164,73.03996184958639,0.7463981963216001,0.0059736134279675,3.3066688036013163,0.0001074787346666,5.454475107938854,1.2818747794918672,-76.01157454194745,-1.683930893109928,3.186975766858384,3.6317078895329353,6.818683656391319,0.4444444444444444,7.880444444444445,13.903888888888888,10.658531111111111,66.33333333333333,2.0,1.7777777777777777,0.8888888888888888,10.88888888888889,1.5555555555555556,87.55432293333334,3.7777777777777777,10.22222222222222,10.225555555555555,1.45,6.82507,13310.0,45.0,1.3,1.2248,7.266999999999999,13.7253,1356.6784,68.4,3.2,0.557,5.0,0.0,7.0,1.0,18.9984032,11.2
113,6e562917da4c5cd064c8fd4a8f964db2,Sc4 N3 F2,F,164,5.784026020253306,0.7192318312521827,0.0,3.19328894772287,9.10751784754354e-05,1.957965698588685,1.051017373225991,-70.00055614764862,-2.5700740305976506,3.659454578869821,2.307550930703264,5.9670055095730845,0.4444444444444444,8.401555555555555,16.96236111111111,11.63265111111111,52.888888888888886,2.0,2.111111111111111,0.4444444444444444,4.555555555555555,1.2222222222222223,28.871172711111107,2.888888888888889,10.11111111111111,13.66888888888889,1.27,6.56149,2985.0,11.0,1.36,0.8828000000000001,12.74425,15.68958,1.4289999999999998,65.4,3.8,0.557,5.0,0.0,7.0,1.0,18.9984032,11.2
114,e6f8fc7bac31b85845e0de4cea15f47a,V4 C3 O2,O,164,101.91547609432187,0.8078794641635745,0.1461864090297409,2.924162850782844,8.404087402366565e-05,2.5168644867331325,3.430245912906091,-80.71084589593114,-0.967520279090348,6.5726010173901255,1.1357589079068395,7.708359925296965,0.4444444444444444,6.246,9.685555555555554,9.777973333333334,65.44444444444444,2.0,1.5555555555555556,1.3333333333333333,4.888888888888889,1.7777777777777777,30.199655555555555,2.888888888888889,10.444444444444445,9.318888888888887,1.64,6.74619,6110.0,46.0,1.63,1.3228,7.025999999999999,12.2034,1356.5716,72.0,2.8,0.802,4.0,0.0,6.0,2.0,15.9994,17.36
115,64439f9e0b4d766a8f8ac5c33a6e052a,Zr4 N3 O2,O,164,341.70885974107455,0.8100015653747556,0.0885794488298419,3.2480871548340184,1.8960584579696165e-05,3.2047697885936453,2.8516317525978137,-85.32282058383639,-2.267204326878682,4.58285879292826,3.20915042760253,7.79200922053079,0.4444444444444444,8.500444444444444,17.25513888888889,10.819333333333333,66.22222222222223,2.0,1.8888888888888888,0.8888888888888888,4.777777777777778,1.4444444444444444,48.768322222222224,3.333333333333333,10.333333333333334,14.60222222222222,1.41,6.6339,6511.0,44.0,1.33,0.9808,12.50325,14.16768,1.3222,69.0,3.4,0.802,4.0,0.0,6.0,2.0,15.9994,17.36
116,ac620a4d707cea6d0686848b99320152,Mn4 N3,N,164,91.59314072189947,1.6473052471293932,0.1889086433571277,2.8594899797182056,1.3012860231748242e-05,2.682247679994575,6.968000184514204,-63.95383980164576,-0.0041953015362931,5.622046382526708,0.7726190782355656,6.3946654607622735,0.5714285714285714,5.842857142857143,12.322370689657143,10.476911428571428,64.85714285714286,2.0,1.2857142857142858,2.857142857142857,6.142857142857143,1.2857142857142858,37.396040000000006,3.142857142857143,10.428571428571429,10.002857142857142,1.61,7.43402,7470.0,52.0,1.55,1.1,14.768750000000002,14.5341,1.251,71.0,3.0,1.1,3.0,0.0,5.0,3.0,14.0067,13.54
117,cbbe2e5c8c30df719aeada7dd4aa5888,Ti2 N1,Ti,164,67.35280884462861,0.5251145133507862,0.7410265708219158,2.979011939732896,-1.1382732542713842e-06,1.3718406442993625,2.2273678727974,-23.497718635515408,-0.5885700775494757,4.580581535319301,-0.3032535902248113,4.27732794509449,0.6666666666666666,10.1,16.049583333333334,9.39678,56.0,2.0,1.0,1.3333333333333333,4.333333333333333,1.0,36.58023333333333,3.333333333333333,7.666666666666667,11.606666666666667,1.52,6.82812,4507.0,43.0,1.54,1.1,14.76875,14.5341,1.251,71.0,3.0,14.6,0.0,2.0,4.0,0.0,47.867,10.64
118,40555f61f2ba9c4ac226b7a59e32d552,Y2 C1 F2,F,164,3.945357737073867,0.3915942930784951,0.0,3.5587890273134595,5.755967329592924e-14,1.7180900539633344,0.0,-34.260892762228906,-2.4970091588280545,3.669753355132813,0.1808966272606921,3.850649982393505,0.4,9.6368,17.957,11.708099999999998,57.4,2.0,2.4,0.4,4.8,1.2,45.563841280000005,3.2,10.8,13.489999999999998,1.21,6.2173,4472.0,12.0,1.22,0.928,8.351666666666667,15.368633333333332,754.4639999999999,63.333333333333336,4.0,0.557,5.0,0.0,7.0,1.0,18.9984032,11.2
119,620b6b0108765b9ec930d7ad0d6176d2,Zr2 C1 O2,O,164,5.508169060222314,0.4101053807030054,0.1718812091967185,3.300315019809476,4.329844041239067e-15,2.0328957067338647,0.0,-45.71169673355144,-2.287543746602401,4.853659106246854,0.0130317918941029,4.866690898140957,0.4,7.8148,14.048000000000002,10.35284,67.8,2.0,2.0,0.8,4.8,1.6,45.2915,3.2,10.8,13.61,1.41,6.6339,6511.0,44.0,1.33,1.0913333333333333,7.95,12.832133333333331,754.2860000000001,69.33333333333333,3.333333333333333,0.802,4.0,0.0,6.0,2.0,15.9994,17.36
120,a907fa4bfc3c2f8652846d8a02a8e94c,Mn2 N1 O2,O,164,23.714511994111792,0.4174110814815923,0.1198688100449367,2.8787353259041297,5.982539323957819e-08,1.8738401341918125,1.0341505567935194,-43.05751040478928,-1.0046006193331294,6.518500352246352,-1.5927631349696922,4.92573721727666,0.4,4.300800000000001,10.79078448276,11.327648,72.0,2.0,2.2,2.0,6.2,1.4,31.176318,2.8,12.2,12.592,1.61,7.43402,7470.0,52.0,1.55,0.9013333333333334,10.992916666666668,13.9234,1.3696666666666666,67.66666666666667,3.6666666666666665,0.802,4.0,0.0,6.0,2.0,15.9994,17.36
121,c3425003cf19c299f4e4b10eba08fc00,V2 H2 C1 O2,H,164,41.42251169168421,1.18810779046586,0.1332327009834928,3.009419739141805,3.198498736718289e-06,1.4524081799088704,2.251019700063017,-50.588409715901,-1.060472925300505,1.8023383519887028,1.7132439892229776,3.5155823412116805,0.2857142857142857,4.201083714285714,9.014285714285716,11.312238,75.28571428571429,1.7142857142857142,1.4285714285714286,0.8571428571428571,4.0,1.1428571428571428,21.12976857142857,2.2857142857142856,8.285714285714286,11.355714285714283,1.64,6.74619,6110.0,46.0,1.63,0.9215172,7.415999999999999,13.1386572,452.60756,54.0,2.0,0.666793,0.0,0.0,1.0,0.0,1.00794,11.42
122,4e6c616a21276b69f4f4e337a6696c87,Hf3 H2 C2 O2,H,187,191.594823411176,2.688866832681122,0.2428799823639891,3.30400078878398,1.6025425143142018e-05,4.226962299045517,0.7936785553345265,-69.96837796459712,-1.3459516936350486,2.2817948801452643,3.0044896105951246,5.286284490740389,0.3333333333333333,6.097509555555555,12.146666666666668,10.82542177777778,71.88888888888889,1.7777777777777777,1.3333333333333333,0.6666666666666666,8.444444444444445,1.3333333333333333,65.94512,3.111111111111111,8.222222222222221,12.051111111111112,1.45,6.82507,13310.0,45.0,1.3,1.0462643333333332,7.12,12.825597666666669,753.8396333333334,57.66666666666666,2.0,0.666793,0.0,0.0,1.0,0.0,1.00794,11.42
123,aa6862fa17946eb652258341bda11108,Zr3 C2 F2,F,187,31.45651255798116,0.5850720731932499,0.0,3.32078381584101,1.2966757515608355e-14,2.565903888258878,0.1838352845961187,-57.56960990860608,-1.964052753969152,3.3272325898616955,2.487521543887853,5.814754133749549,0.4285714285714285,8.307714285714285,14.325714285714286,11.038271428571427,67.42857142857143,2.0,2.0,0.8571428571428571,4.857142857142857,1.4285714285714286,47.955743771428565,3.2857142857142856,10.571428571428571,10.72,1.41,6.6339,6511.0,44.0,1.33,1.1135,7.67375,14.34155,1130.848,66.5,3.5,0.557,5.0,0.0,7.0,1.0,18.9984032,11.2
124,886d2b0a43e6413ab7b1e34d2dc302c6,Ti3 N2 O2,O,187,31.65516307364789,0.5589057493432787,0.031571561831984,2.984219488837021,-1.5692574847453043e-05,1.9992627937027985,0.4490060290540487,-62.64833685464093,-2.2322201656782354,5.601630591255587,0.8832330300607926,6.48486362131638,0.4285714285714285,6.800571428571429,13.973928571428576,10.96980857142857,66.71428571428571,2.0,2.0,0.8571428571428571,4.857142857142857,1.4285714285714286,29.0876,2.857142857142857,10.571428571428571,13.388571428571428,1.5200000000000002,6.828120000000001,4507.0,43.0,1.54,0.951,11.936875,14.076075,1.34,68.5,3.5,0.802,4.0,0.0,6.0,2.0,15.9994,17.36
125,839ba58929cd5c2f524a5fa0340ca3a5,Mn4 C3 F2,F,164,924.7356011362584,1.4770214224678446,0.3023939694777476,2.923442046545361,9.029984645713016e-05,2.7892626161475067,4.502576161015871,-74.39196049876665,-0.5214700418143016,6.17517374467532,1.0846668326379685,7.259840577313288,0.4444444444444444,4.8582222222222216,8.698371647511111,10.929175555555556,69.44444444444444,2.0,1.7777777777777777,2.2222222222222223,6.0,1.5555555555555556,32.64234293333334,2.888888888888889,11.555555555555555,7.518888888888887,1.61,7.43402,7470.0,52.0,1.55,1.2248,7.266999999999999,13.7253,1356.6784,68.4,3.2,0.557,5.0,0.0,7.0,1.0,18.9984032,11.2
126,8b54737c56c944c4a49efc5154aec5e0,Mo4 N3,N,164,219.1407030297972,0.9961075313527062,0.2976805849922718,2.987069935350099,-0.0001215417890217,4.261121089796082,2.625891811736296,-70.68925513601569,-0.117566867848948,5.607424060024193,3.491749328482432,9.099173388506625,0.5714285714285714,7.785714285714286,15.29517857142857,10.281717142857143,63.71428571428572,1.4285714285714286,1.2857142857142858,2.857142857142857,5.571428571428571,1.2857142857142858,60.82572857142857,3.7142857142857135,9.857142857142858,11.162857142857144,1.77,7.09243,10280.0,50.0,2.16,1.1,14.768750000000002,14.5341,1.251,71.0,3.0,1.1,3.0,0.0,5.0,3.0,14.0067,13.54
127,c96d0b266e41fbd9dc7c575c16d8ff79,V2 N1,V,164,23.26131457581317,0.4377245123624663,0.8894400167617251,2.903564411197102,-5.12501026255644e-08,1.5434369969439363,1.6492045464107787,-25.58726400236012,-0.0622238276330063,4.721227182871812,-0.5664223867479142,4.154804796123898,0.6666666666666666,8.633333333333335,13.59625,9.34216,58.0,2.0,1.0,2.0,5.0,1.0,38.6299,3.333333333333333,8.333333333333334,10.06,1.64,6.74619,6110.0,46.0,1.63,1.1,14.76875,14.5341,1.251,71.0,3.0,12.4,0.0,3.0,5.0,0.0,50.9415,8.32
128,220f1c3ef33636579bebe7960a40dea8,Zr2 C1 F2,F,164,31.705892732101773,0.3953300045209481,0.0,3.28682670710241,1.324405336760064e-13,2.0503313492145563,1.6300209522651656,-39.01218753586959,-2.3626836642129456,3.891442408803036,0.8061687310860471,4.697611139889083,0.4,7.716799999999999,14.288999999999998,11.87474,70.2,2.0,2.4,0.8,5.2,1.2,46.49110128,3.2,11.2,11.146,1.41,6.6339,6511.0,44.0,1.33,0.928,8.351666666666667,15.368633333333332,754.4639999999999,63.333333333333336,4.0,0.557,5.0,0.0,7.0,1.0,18.9984032,11.2
129,37c0b5266266f0f994b3a0e645c44554,Cr2 H2 N1 O2,H,164,54.41946800933395,2.0684863699880705,0.2299011360609998,3.036845057830191,-1.6189827509522084e-05,1.4662388750310644,2.7033867411531207,-50.32256075433638,-0.8936230756239151,1.9299995057296064,1.496377038812962,3.426376544542568,0.2857142857142857,3.891083714285714,9.798392857142858,11.785729428571427,76.85714285714286,1.4285714285714286,1.5714285714285714,1.4285714285714286,4.428571428571429,1.0,21.71622571428572,2.2857142857142856,8.714285714285714,12.222857142857142,1.73,6.76651,7140.0,49.0,1.66,0.8075172,9.24175,13.7934172,0.8577600000000001,53.0,2.2,0.666793,0.0,0.0,1.0,0.0,1.00794,11.42
130,4574f8e6f58a129a57d37fbdeb074c30,Mn3 H2 C2 O2,H,187,33.20058746873141,1.1295266831806303,0.2502274016747611,2.964350276175365,-3.349015843631257e-06,2.00723442981369,4.210925584727569,-68.43646659552883,-0.4388615177541403,1.697985351370154,2.364505228475236,4.06249057984539,0.3333333333333333,3.830842888888889,8.242528735633334,11.028405111111113,74.22222222222223,1.7777777777777777,1.3333333333333333,1.6666666666666667,4.777777777777778,1.3333333333333333,24.761135000000003,2.4444444444444446,9.22222222222222,10.02111111111111,1.61,7.43402,7470.0,52.0,1.55,1.0462643333333332,7.12,12.825597666666669,753.8396333333334,57.66666666666666,2.0,0.666793,0.0,0.0,1.0,0.0,1.00794,11.42
131,199ee04b9692f26bdf9dbc1a4e400bbb,Cr3 C2 O2,O,187,31.219150888186643,2.543009057785764,0.3416318117931713,2.889463731670816,6.871000548736563e-07,2.204676029071579,0.0922927450846229,-61.27490315312039,-0.6230931783322252,6.739557507621497,-0.3405980003281411,6.398959507293356,0.4285714285714285,5.677714285714286,9.008571428571427,10.008032857142856,67.85714285714286,1.5714285714285714,1.7142857142857142,2.142857142857143,5.428571428571429,1.7142857142857142,30.286928571428568,2.857142857142857,11.142857142857142,9.570000000000002,1.7299999999999998,6.76651,7140.0,49.0,1.66,1.236,7.3725,12.439175,1130.7145,71.0,3.0,0.802,4.0,0.0,6.0,2.0,15.9994,17.36
132,d32996076e2e411f85625473ac4609d0,V3 N2 O2,O,187,30.572583977918864,1.115049566389829,0.1414775065961586,2.8802611906525386,4.069036083653628e-06,2.2347318336597635,2.7450541671413125,-63.09066338395031,-1.5092845020236934,6.00876245853981,0.5862933893207554,6.595055847860565,0.4285714285714285,5.857714285714287,12.396785714285716,10.934695714285713,68.0,2.0,2.0,1.2857142857142858,5.285714285714286,1.4285714285714286,30.405242857142856,2.857142857142857,11.0,12.394285714285711,1.64,6.746190000000001,6110.0,46.0,1.63,0.951,11.936875,14.076075,1.34,68.5,3.5,0.802,4.0,0.0,6.0,2.0,15.9994,17.36
133,a9e529e9f50200c668a3960bfbc939f3,Y4 C3 O2,O,164,188.1599786874829,0.9391440432752144,0.5582009781779174,3.5691579280985675,5.288102671539749e-05,2.5126988958520844,5.250455910567797,-65.89550454032529,-1.0247142445759987,5.209651522348412,0.7999381646726985,6.00958968702111,0.4444444444444444,10.823777777777778,18.287777777777777,9.542911111111112,50.333333333333336,2.0,1.5555555555555556,0.4444444444444444,4.0,1.7777777777777777,47.072700000000005,3.333333333333333,9.555555555555555,14.456666666666669,1.21,6.2173,4472.0,12.0,1.22,1.3228,7.025999999999999,12.2034,1356.5716,72.0,2.8,0.802,4.0,0.0,6.0,2.0,15.9994,17.36
134,58d5f73736d64347f1dea5aa1425e827,Hf4 C3,Hf,164,84.98178227961156,1.1272177603172835,0.2512789418411779,3.3007548391535684,-6.802781465147955e-05,5.7901635831232285,3.203205331196467,-61.39515209154955,-0.5303248326417379,4.455535278397532,2.7876407186880914,7.243175997085624,0.5714285714285714,9.972857142857142,15.102857142857143,8.725882857142858,58.71428571428572,2.0,0.8571428571428571,1.1428571428571428,12.0,1.7142857142857142,107.14172857142856,4.285714285714286,8.285714285714286,9.947142857142856,1.45,6.82507,13310.0,45.0,1.3,1.67,5.64,11.2603,2260.0,76.0,2.0,16.2,0.0,2.0,18.0,0.0,178.49,13.44
135,88ba0e3a9cee70d688ac55e6ecdc5872,Hf2 C1 O2,O,164,4.506808355953992,0.3896598431002048,0.1675511636980675,3.277080587325949,-7.924302737867203e-14,3.648517992351529,0.0,-46.01716694500975,-2.307389343182172,4.931657604023927,0.0471567081961717,4.978814312220099,0.4,7.1348,13.65,10.429308,68.2,2.0,2.0,0.8,10.4,1.6,80.1979,3.6,10.8,13.378,1.45,6.82507,13310.0,45.0,1.3,1.0913333333333333,7.95,12.832133333333331,754.2860000000001,69.33333333333333,3.333333333333333,0.802,4.0,0.0,6.0,2.0,15.9994,17.36
136,72e45062b82c78ad35c9c3ea38b2e3df,Y2 H2 C1 O2,H,164,6.365774301924957,0.5685301333221434,0.4944828848749922,3.5832759572997785,-5.807803589311973e-13,1.5031922100039867,0.0,-46.02043882999139,-1.5029118733831837,1.380575866804047,1.4092218451539562,2.789797711958004,0.2857142857142857,7.143940857142857,14.544285714285715,11.16112657142857,65.57142857142857,1.7142857142857142,1.4285714285714286,0.2857142857142857,3.4285714285714284,1.1428571428571428,31.97672571428572,2.571428571428572,7.714285714285714,14.65857142857143,1.21,6.2173,4472.0,12.0,1.22,0.9215172,7.415999999999999,13.1386572,452.60756,54.0,2.0,0.666793,0.0,0.0,1.0,0.0,1.00794,11.42
137,29356e5cbb6ae6b38c54a94e7320ad87,Hf2 H2 N1 O2,H,164,94.31433930057646,1.014924620914078,0.4314777245693169,3.261436588269492,-5.910012970193723e-06,3.325944189692672,2.192612393905845,-51.175955413467165,-1.5591021360139337,2.6481485151373523,1.985325803622283,4.633474318759635,0.2857142857142857,5.205369428571428,12.944107142857144,11.802460857142858,75.71428571428571,1.7142857142857142,1.5714285714285714,0.5714285714285714,7.857142857142857,1.0,57.85734000000001,2.857142857142857,8.142857142857142,13.997142857142858,1.45,6.82507,13310.0,45.0,1.3,0.8075172,9.24175,13.7934172,0.8577600000000001,53.0,2.2,0.666793,0.0,0.0,1.0,0.0,1.00794,11.42
